id,creation_time,property1,property2,property3,property4,property5,failed,time_of_death,details,assignment_id,event_type
1,2019-09-27 15:16:07.243249,,,,,,f,,{},35USIKEBNT46MGDH5QR3BD4T5MQ6N3,AssignmentAccepted
2,2019-09-27 15:16:07.31237,,,,,,f,,{},3GD6L00D3UL5XCRKNJ0M32OCSL01M0,AssignmentAccepted
3,2019-09-27 15:16:07.495535,,,,,,f,,{},39LNWE0K4WKZAQSR4SCEMBMSM9DUIC,AssignmentAccepted
4,2019-09-27 15:16:08.293918,,,,,,f,,{},34V1S5K3GUPLXE9N4G8YTC990X9967,AssignmentAccepted
5,2019-09-27 15:16:12.180905,,,,,,f,,{},39ZSFO5CAAKV51CXMAXEYC1SZO2UJO,AssignmentAccepted
6,2019-09-27 15:16:14.644377,,,,,,f,,{},3F6HPJW4JFO8R93UAP6NHJ08ITRW22,AssignmentAccepted
7,2019-09-27 15:16:14.674862,,,,,,f,,{},3AMYWKA6YDAO41DT65RGQ24YVWV6OI,AssignmentAccepted
8,2019-09-27 15:16:14.686446,,,,,,f,,{},36NEMU28XH1YYD7NK7P7WSE6OY8MWJ,AssignmentAccepted
9,2019-09-27 15:16:14.787578,,,,,,f,,{},3CCZ6YKWR97PEA99ZXYT16V942Y95R,AssignmentAccepted
10,2019-09-27 15:16:14.809773,,,,,,f,,{},3X31TUMD7ZALRU9ZN7Z73P9NSGA1LY,AssignmentAccepted
11,2019-09-27 15:21:25.624756,,,,,,f,,{},36NEMU28XH1YYD7NK7P7WSE6OY8MWJ,AssignmentSubmitted
12,2019-09-27 15:21:25.63437,,,,,,f,,{},39ZSFO5CAAKV51CXMAXEYC1SZO2UJO,AssignmentSubmitted
13,2019-09-27 15:21:36.565783,,,,,,f,,{},3LRKMWOKB75CL48ZLCQUGNUQZVYZ2Y,AssignmentAccepted
14,2019-09-27 15:21:50.0697,,,,,,f,,{},34V1S5K3GUPLXE9N4G8YTC990X9967,AssignmentSubmitted
15,2019-09-27 15:21:57.595405,,,,,,f,,{},36TFCYNS46YRVZB23F5G66KHGEIXHH,AssignmentAccepted
16,2019-09-27 15:22:13.265499,,,,,,f,,{},3CCZ6YKWR97PEA99ZXYT16V942Y95R,AssignmentReturned
17,2019-09-27 15:22:16.941899,,,,,,f,,{},3CCZ6YKWR97PEA99ZXYT16V942Y95R,AssignmentAccepted
18,2019-09-27 15:23:28.317448,,,,,,f,,{},35USIKEBNT46MGDH5QR3BD4T5MQ6N3,AssignmentReturned
19,2019-09-27 15:23:28.360393,,,,,,f,,{},35USIKEBNT46MGDH5QR3BD4T5MQ6N3,AssignmentAccepted
20,2019-09-27 15:24:44.917619,,,,,,f,,{},39LNWE0K4WKZAQSR4SCEMBMSM9DUIC,AssignmentSubmitted
21,2019-09-27 15:24:58.575931,,,,,,f,,{},3X31TUMD7ZALRU9ZN7Z73P9NSGA1LY,AssignmentSubmitted
22,2019-09-27 15:25:06.640304,,,,,,f,,{},3LRKMWOKB75CL48ZLCQUGNUQZVYZ2Y,AssignmentReturned
23,2019-09-27 15:25:17.109851,,,,,,f,,{},3AMYWKA6YDAO41DT65RGQ24YVWV6OI,AssignmentSubmitted
24,2019-09-27 15:25:28.956922,,,,,,f,,{},3LRKMWOKB75CL48ZLCQUGNUQZVYZ2Y,AssignmentAccepted
25,2019-09-27 15:27:56.146079,,,,,,f,,{},36TFCYNS46YRVZB23F5G66KHGEIXHH,AssignmentSubmitted
26,2019-09-27 15:28:13.528655,,,,,,f,,{},3Z7EFSHGNB20ER0MHNRFVFN13MHCXR,AssignmentAccepted
27,2019-09-27 15:28:31.69355,,,,,,f,,{},3GD6L00D3UL5XCRKNJ0M32OCSL01M0,AssignmentSubmitted
28,2019-09-27 15:28:35.69644,,,,,,f,,{},378XPAWRUE1FVHETYNVNMAAYF6SIAV,AssignmentAccepted
29,2019-09-27 15:33:34.7133,,,,,,f,,{},3Z7EFSHGNB20ER0MHNRFVFN13MHCXR,AssignmentSubmitted
30,2019-09-27 15:33:44.069183,,,,,,f,,{},3WAKVUDHUY42L6BVL18HVMWJ8TBU7Q,AssignmentAccepted
31,2019-09-27 15:36:21.404891,,,,,,f,,{},35USIKEBNT46MGDH5QR3BD4T5MQ6N3,AssignmentSubmitted
32,2019-09-27 15:37:22.111449,,,,,,f,,{},3CCZ6YKWR97PEA99ZXYT16V942Y95R,AssignmentSubmitted
33,2019-09-27 15:39:36.344264,,,,,,f,,{},378XPAWRUE1FVHETYNVNMAAYF6SIAV,AssignmentSubmitted
34,2019-09-27 15:40:14.922484,,,,,,f,,{},3F6HPJW4JFO8R93UAP6NHJ08ITRW22,AssignmentAbandoned
35,2019-09-27 15:40:35.06063,,,,,,f,,{},3F6HPJW4JFO8R93UAP6NHJ08ITRW22,AssignmentAccepted
36,2019-09-27 15:43:45.895627,,,,,,f,,{},3AAPLD8UCE5KEI2IY54JH3ZB3I4TH4,AssignmentAccepted
37,2019-09-27 15:45:41.475072,,,,,,f,,{},3WAKVUDHUY42L6BVL18HVMWJ8TBU7Q,AssignmentSubmitted
38,2019-09-27 15:46:35.212809,,,,,,f,,{},3F6HPJW4JFO8R93UAP6NHJ08ITRW22,AssignmentAccepted
39,2019-09-27 15:46:35.830607,,,,,,f,,{},3F6HPJW4JFO8R93UAP6NHJ08ITRW22,AssignmentReturned
40,2019-09-27 15:49:33.399437,,,,,,f,,{},3LRKMWOKB75CL48ZLCQUGNUQZVYZ2Y,AssignmentAbandoned
41,2019-09-27 15:49:36.159178,,,,,,f,,{},3LRKMWOKB75CL48ZLCQUGNUQZVYZ2Y,AssignmentAccepted
42,2019-09-27 15:52:41.329171,,,,,,f,,{},3LRKMWOKB75CL48ZLCQUGNUQZVYZ2Y,AssignmentReturned
43,2019-09-27 15:52:41.50511,,,,,,f,,{},3LRKMWOKB75CL48ZLCQUGNUQZVYZ2Y,AssignmentAccepted
44,2019-09-27 15:53:58.523235,,,,,,f,,{},32Q90QCQ1U99RPLTEVILV9F2SQREKB,AssignmentAccepted
45,2019-09-27 15:55:00.725915,,,,,,f,,{},32Q90QCQ1U99RPLTEVILV9F2SQREKB,AssignmentReturned
46,2019-09-27 15:55:17.594837,,,,,,f,,{},32Q90QCQ1U99RPLTEVILV9F2SQREKB,AssignmentAccepted
47,2019-09-27 15:56:32.668777,,,,,,f,,{},3F6HPJW4JFO8R93UAP6NHJ08ITRW22,AssignmentReturned
48,2019-09-27 15:56:37.47924,,,,,,f,,{},3F6HPJW4JFO8R93UAP6NHJ08ITRW22,AssignmentAccepted
49,2019-09-27 15:58:52.955242,,,,,,f,,{},38BQUHLA9YOQT4YLTLYXFY1KLXUMOU,AssignmentAccepted
50,2019-09-27 16:00:34.787852,,,,,,f,,{},38BQUHLA9YOQT4YLTLYXFY1KLXUMOU,AssignmentAccepted
51,2019-09-27 16:00:34.794393,,,,,,f,,{},38BQUHLA9YOQT4YLTLYXFY1KLXUMOU,AssignmentReturned
52,2019-09-27 16:00:41.805983,,,,,,f,,{},3X65QVEQI2B5EXJX34ORKLSEWEMCLM,AssignmentAccepted
53,2019-09-27 16:01:26.845152,,,,,,f,,{},3X65QVEQI2B5EXJX34ORKLSEWEMCLM,AssignmentReturned
54,2019-09-27 16:02:17.634824,,,,,,f,,{},3F6HPJW4JFO8R93UAP6NHJ08ITRW22,AssignmentReturned
55,2019-09-27 16:02:17.683159,,,,,,f,,{},3HL8HNGX47PHG72Y59B2NIMMTXYF94,AssignmentAccepted
56,2019-09-27 16:02:21.449663,,,,,,f,,{},3LRKMWOKB75CL48ZLCQUGNUQZVYZ2Y,AssignmentSubmitted
57,2019-09-27 16:02:39.092117,,,,,,f,,{},3F6HPJW4JFO8R93UAP6NHJ08ITRW22,AssignmentAccepted
58,2019-09-27 16:03:25.850163,,,,,,f,,{},38BQUHLA9YOQT4YLTLYXFY1KLXUMOU,AssignmentReturned
59,2019-09-27 16:03:41.83992,,,,,,f,,{},38BQUHLA9YOQT4YLTLYXFY1KLXUMOU,AssignmentAccepted
60,2019-09-27 16:04:59.206589,,,,,,f,,{},3AAPLD8UCE5KEI2IY54JH3ZB3I4TH4,AssignmentReturned
61,2019-09-27 16:05:10.897455,,,,,,f,,{},3AAPLD8UCE5KEI2IY54JH3ZB3I4TH4,AssignmentAccepted
62,2019-09-27 16:10:39.915937,,,,,,f,,{},3AAPLD8UCE5KEI2IY54JH3ZB3I4TH4,AssignmentReturned
63,2019-09-27 16:11:14.764018,,,,,,f,,{},3AAPLD8UCE5KEI2IY54JH3ZB3I4TH4,AssignmentAccepted
64,2019-09-27 16:13:03.9776,,,,,,f,,{},32Q90QCQ1U99RPLTEVILV9F2SQREKB,AssignmentReturned
65,2019-09-27 16:14:07.647785,,,,,,f,,{},3LRLIPTPESX61C4HYQGZZQPB7B1KAU,AssignmentAccepted
66,2019-09-27 16:15:24.342778,,,,,,f,,{},3LRLIPTPESX61C4HYQGZZQPB7B1KAU,AssignmentReturned
67,2019-09-27 16:15:46.440542,,,,,,f,,{},3LRLIPTPESX61C4HYQGZZQPB7B1KAU,AssignmentAccepted
68,2019-09-27 16:16:13.980334,,,,,,f,,{},3HL8HNGX47PHG72Y59B2NIMMTXYF94,AssignmentReturned
69,2019-09-27 16:16:35.261186,,,,,,f,,{},3HL8HNGX47PHG72Y59B2NIMMTXYF94,AssignmentAccepted
70,2019-09-27 16:18:32.387811,,,,,,f,,{},3LRLIPTPESX61C4HYQGZZQPB7B1KAU,AssignmentReturned
71,2019-09-27 16:18:40.19018,,,,,,f,,{},3LRLIPTPESX61C4HYQGZZQPB7B1KAU,AssignmentAccepted
72,2019-09-27 16:19:25.073937,,,,,,f,,{},3F6HPJW4JFO8R93UAP6NHJ08ITRW22,AssignmentSubmitted
73,2019-09-27 16:19:31.327358,,,,,,f,,{},3WLEIWSYHQ5QUJ85FQKNGGQL368H2J,AssignmentAccepted
74,2019-09-27 16:19:31.35627,,,,,,f,,{},32VNZTT0A9SDMR1VF9F5NZPPAT2R4M,AssignmentAccepted
75,2019-09-27 16:19:31.372267,,,,,,f,,{},3GA6AFUKOQCFF14OJQYSZQVD9K8H3U,AssignmentAccepted
78,2019-09-27 16:19:32.785434,,,,,,f,,{},35GMH2SV3G5SHG68CNAE2QWBCVCOEG,AssignmentAccepted
81,2019-09-27 16:19:40.138335,,,,,,f,,{},3HYA4D452T76GNHZK0WNDVE8NRVF2J,AssignmentAccepted
84,2019-09-27 16:20:33.297075,,,,,,f,,{},3TUI152ZZDBWIRPCFC73KB8H2NQQ17,AssignmentAccepted
87,2019-09-27 16:21:34.013307,,,,,,f,,{},3HL8HNGX47PHG72Y59B2NIMMTXYF94,AssignmentReturned
90,2019-09-27 16:24:17.235905,,,,,,f,,{},3EO896NRAYJG5OX8M574TGFQGBRJTK,AssignmentAccepted
93,2019-09-27 16:25:04.451744,,,,,,f,,{},3WLEIWSYHQ5QUJ85FQKNGGQL368H2J,AssignmentSubmitted
96,2019-09-27 16:26:17.727533,,,,,,f,,{},3EO896NRAYJG5OX8M574TGFQGBRJTK,AssignmentAccepted
99,2019-09-27 16:27:34.92898,,,,,,f,,{},34HJIJKLP7K5FYICOTKFOWESVZHV4L,AssignmentReturned
102,2019-09-27 16:28:47.174968,,,,,,f,,{},369J354OFFY0COWVIME8LTVW4B2G65,AssignmentAccepted
105,2019-09-27 16:32:03.239688,,,,,,f,,{},35USIKEBNT46MGDH5QR3BD4T5NQ6N5,AssignmentAccepted
107,2019-09-27 16:36:06.204993,,,,,,f,,{},3PQ8K71NHZ80PZVVMZ3A5CMF2ZJAAH,AssignmentAccepted
110,2019-09-27 16:38:11.890077,,,,,,f,,{},3IKZ72A5B642596S6JU75JH6YMPFND,AssignmentAccepted
76,2019-09-27 16:19:31.59548,,,,,,f,,{},3PMBY0YE29RADVIOE7L1FC1JWKD9CU,AssignmentAccepted
79,2019-09-27 16:19:32.80435,,,,,,f,,{},3A0EX8ZRNAC64RYQ8JHM39OSN8YBYE,AssignmentAccepted
82,2019-09-27 16:20:21.765593,,,,,,f,,{},3HL8HNGX47PHG72Y59B2NIMMTXYF94,AssignmentReturned
85,2019-09-27 16:21:20.417553,,,,,,f,,{},35GMH2SV3G5SHG68CNAE2QWBCVCOEG,AssignmentReturned
88,2019-09-27 16:21:34.752738,,,,,,f,,{},3HL8HNGX47PHG72Y59B2NIMMTXYF94,AssignmentAccepted
91,2019-09-27 16:24:29.033306,,,,,,f,,{},34HJIJKLP7K5FYICOTKFOWESVZHV4L,AssignmentAccepted
94,2019-09-27 16:25:06.491457,,,,,,f,,{},3IKZ72A5B642596S6JU75JH6YMPFND,AssignmentAccepted
97,2019-09-27 16:26:17.779923,,,,,,f,,{},3EO896NRAYJG5OX8M574TGFQGBRJTK,AssignmentReturned
100,2019-09-27 16:27:53.686928,,,,,,f,,{},38BQUHLA9YOQT4YLTLYXFY1KLXUMOU,AssignmentAbandoned
103,2019-09-27 16:29:33.632412,,,,,,f,,{},3S96KQ6I9OS322XGC9LTQIKDBRSTDE,AssignmentSubmitted
108,2019-09-27 16:37:41.484637,,,,,,f,,{},3IKZ72A5B642596S6JU75JH6YMPFND,AssignmentReturned
111,2019-09-27 16:38:15.874125,,,,,,f,,{},3EO896NRAYJG5OX8M574TGFQGBRJTK,AssignmentAccepted
77,2019-09-27 16:19:31.93743,,,,,,f,,{},3E7TUJ2EGEAKINO2E3GCZIJ1HKP9DU,AssignmentAccepted
80,2019-09-27 16:19:32.823631,,,,,,f,,{},3S96KQ6I9OS322XGC9LTQIKDBRSTDE,AssignmentAccepted
83,2019-09-27 16:20:29.981151,,,,,,f,,{},3HL8HNGX47PHG72Y59B2NIMMTXYF94,AssignmentAccepted
86,2019-09-27 16:21:27.823069,,,,,,f,,{},35GMH2SV3G5SHG68CNAE2QWBCVCOEG,AssignmentAccepted
89,2019-09-27 16:24:00.777857,,,,,,f,,{},3HL8HNGX47PHG72Y59B2NIMMTXYF94,AssignmentReturned
92,2019-09-27 16:24:52.559945,,,,,,f,,{},35GMH2SV3G5SHG68CNAE2QWBCVCOEG,AssignmentSubmitted
95,2019-09-27 16:25:20.013897,,,,,,f,,{},3PMBY0YE29RADVIOE7L1FC1JWKD9CU,AssignmentSubmitted
98,2019-09-27 16:26:29.718667,,,,,,f,,{},3E7TUJ2EGEAKINO2E3GCZIJ1HKP9DU,AssignmentSubmitted
101,2019-09-27 16:27:57.469505,,,,,,f,,{},34HJIJKLP7K5FYICOTKFOWESVZHV4L,AssignmentAccepted
104,2019-09-27 16:31:53.098205,,,,,,f,,{},32VNZTT0A9SDMR1VF9F5NZPPAT2R4M,AssignmentSubmitted
106,2019-09-27 16:35:44.406254,,,,,,f,,{},3AAPLD8UCE5KEI2IY54JH3ZB3I4TH4,AssignmentAbandoned
109,2019-09-27 16:37:52.837665,,,,,,f,,{},3EO896NRAYJG5OX8M574TGFQGBRJTK,AssignmentReturned
112,2019-09-27 16:38:57.400232,,,,,,f,,{},3PQ8K71NHZ80PZVVMZ3A5CMF2ZJAAH,AssignmentReturned
113,2019-09-27 16:38:57.447344,,,,,,f,,{},3EO896NRAYJG5OX8M574TGFQGBRJTK,AssignmentReturned
114,2019-09-27 16:39:31.817529,,,,,,f,,{},3L4D84MIL1GQ0F6DMBQFFXC25H5HJH,AssignmentAccepted
115,2019-09-27 16:39:36.483094,,,,,,f,,{},3LRLIPTPESX61C4HYQGZZQPB7B1KAU,AssignmentReturned
116,2019-09-27 16:39:43.18098,,,,,,f,,{},3LRLIPTPESX61C4HYQGZZQPB7B1KAU,AssignmentAccepted
117,2019-09-27 16:39:43.455404,,,,,,f,,{},3ERMJ6L4D0GJ8Y6MCZHV4CFPV84M7O,AssignmentAccepted
118,2019-09-27 16:42:49.410158,,,,,,f,,{},3M23Y66PO4V32T5MDM8PA7EZSM46SN,AssignmentAccepted
119,2019-09-27 16:42:58.299275,,,,,,f,,{},3HYA4D452T76GNHZK0WNDVE8NRVF2J,AssignmentReturned
120,2019-09-27 16:43:11.347325,,,,,,f,,{},3HYA4D452T76GNHZK0WNDVE8NRVF2J,AssignmentAccepted
121,2019-09-27 16:43:33.511867,,,,,,f,,{},369J354OFFY0COWVIME8LTVW4B2G65,AssignmentReturned
122,2019-09-27 16:43:36.31694,,,,,,f,,{},3A0EX8ZRNAC64RYQ8JHM39OSN8YBYE,AssignmentAbandoned
123,2019-09-27 16:43:49.21498,,,,,,f,,{},369J354OFFY0COWVIME8LTVW4B2G65,AssignmentAccepted
124,2019-09-27 16:43:50.547376,,,,,,f,,{},3A0EX8ZRNAC64RYQ8JHM39OSN8YBYE,AssignmentAccepted
125,2019-09-27 16:43:53.079576,,,,,,f,,{},34HJIJKLP7K5FYICOTKFOWESVZHV4L,AssignmentReturned
126,2019-09-27 16:44:04.911252,,,,,,f,,{},3GA6AFUKOQCFF14OJQYSZQVD9K8H3U,AssignmentAccepted
127,2019-09-27 16:44:04.976515,,,,,,f,,{},3GA6AFUKOQCFF14OJQYSZQVD9K8H3U,AssignmentAbandoned
128,2019-09-27 16:44:07.648339,,,,,,f,,{},34HJIJKLP7K5FYICOTKFOWESVZHV4L,AssignmentAccepted
129,2019-09-27 16:44:23.955509,,,,,,f,,{},3LS2AMNW5HEHEJWDLE5EW7LPVYDQO7,AssignmentAccepted
130,2019-09-27 16:44:29.522349,,,,,,f,,{},3TUI152ZZDBWIRPCFC73KB8H2NQQ17,AssignmentAbandoned
131,2019-09-27 16:44:48.198717,,,,,,f,,{},3M23Y66PO4V32T5MDM8PA7EZSM46SN,AssignmentReturned
132,2019-09-27 16:44:52.501768,,,,,,f,,{},3WQQ9FUS6CIRPL78VFJS4W0QUT9B8E,AssignmentAccepted
133,2019-09-27 16:44:57.058253,,,,,,f,,{},3IKZ72A5B642596S6JU75JH6YMPFND,AssignmentSubmitted
134,2019-09-27 16:45:09.815822,,,,,,f,,{},3ERET4BTVOXSWTUC6K2Z3VER1T09KL,AssignmentAccepted
135,2019-09-27 16:45:22.316054,,,,,,f,,{},35USIKEBNT46MGDH5QR3BD4T5NQ6N5,AssignmentReturned
136,2019-09-27 16:45:22.343604,,,,,,f,,{},35USIKEBNT46MGDH5QR3BD4T5NQ6N5,AssignmentAccepted
137,2019-09-27 16:45:22.662812,,,,,,f,,{},3M23Y66PO4V32T5MDM8PA7EZSM46SN,AssignmentAccepted
138,2019-09-27 16:45:54.442251,,,,,,f,,{},3M23Y66PO4V32T5MDM8PA7EZSM46SN,AssignmentReturned
139,2019-09-27 16:46:22.929106,,,,,,f,,{},3L4D84MIL1GQ0F6DMBQFFXC25H5HJH,AssignmentReturned
140,2019-09-27 16:46:22.946977,,,,,,f,,{},3L4D84MIL1GQ0F6DMBQFFXC25H5HJH,AssignmentAccepted
141,2019-09-27 16:46:32.286676,,,,,,f,,{},34MAJL3QP6BL3PGT4JE951M94F143A,AssignmentAccepted
142,2019-09-27 16:47:08.321461,,,,,,f,,{},34MAJL3QP6BL3PGT4JE951M94F143A,AssignmentReturned
143,2019-09-27 16:47:13.247251,,,,,,f,,{},34MAJL3QP6BL3PGT4JE951M94F143A,AssignmentAccepted
144,2019-09-27 16:49:39.094446,,,,,,f,,{},3LRLIPTPESX61C4HYQGZZQPB7B1KAU,AssignmentReturned
145,2019-09-27 16:49:58.350306,,,,,,f,,{},34HJIJKLP7K5FYICOTKFOWESVZHV4L,AssignmentReturned
146,2019-09-27 16:49:59.60697,,,,,,f,,{},34HJIJKLP7K5FYICOTKFOWESVZHV4L,AssignmentAccepted
147,2019-09-27 16:50:00.986814,,,,,,f,,{},3LRLIPTPESX61C4HYQGZZQPB7B1KAU,AssignmentAccepted
148,2019-09-27 16:50:40.119405,,,,,,f,,{},3HYA4D452T76GNHZK0WNDVE8NRVF2J,AssignmentSubmitted
149,2019-09-27 16:51:23.930302,,,,,,f,,{},3SKEMFQBZ5TSIOB21SWL3ZJGHNLK8A,AssignmentAccepted
150,2019-09-27 16:51:58.016668,,,,,,f,,{},35USIKEBNT46MGDH5QR3BD4T5NQ6N5,AssignmentSubmitted
151,2019-09-27 16:52:42.008485,,,,,,f,,{},3L4D84MIL1GQ0F6DMBQFFXC25H5HJH,AssignmentAccepted
152,2019-09-27 16:52:43.236392,,,,,,f,,{},3L4D84MIL1GQ0F6DMBQFFXC25H5HJH,AssignmentReturned
153,2019-09-27 16:53:07.24954,,,,,,f,,{},3ERET4BTVOXSWTUC6K2Z3VER1T09KL,AssignmentSubmitted
154,2019-09-27 16:55:52.41082,,,,,,f,,{},3GA6AFUKOQCFF14OJQYSZQVD9K8H3U,AssignmentSubmitted
155,2019-09-27 16:55:54.06837,,,,,,f,,{},3ERMJ6L4D0GJ8Y6MCZHV4CFPV84M7O,AssignmentReturned
156,2019-09-27 16:55:56.181689,,,,,,f,,{},3ERMJ6L4D0GJ8Y6MCZHV4CFPV84M7O,AssignmentAccepted
157,2019-09-27 16:56:27.772901,,,,,,f,,{},3SKEMFQBZ5TSIOB21SWL3ZJGHNLK8A,AssignmentReturned
158,2019-09-27 16:56:45.246797,,,,,,f,,{},3SKEMFQBZ5TSIOB21SWL3ZJGHNLK8A,AssignmentAccepted
159,2019-09-27 16:57:10.01689,,,,,,f,,{},3WQQ9FUS6CIRPL78VFJS4W0QUT9B8E,AssignmentAccepted
160,2019-09-27 16:57:10.026405,,,,,,f,,{},3WQQ9FUS6CIRPL78VFJS4W0QUT9B8E,AssignmentReturned
161,2019-09-27 16:57:26.677558,,,,,,f,,{},3LRLIPTPESX61C4HYQGZZQPB7B1KAU,AssignmentReturned
162,2019-09-27 16:58:02.443039,,,,,,f,,{},3LRLIPTPESX61C4HYQGZZQPB7B1KAU,AssignmentAccepted
163,2019-09-27 16:58:30.041549,,,,,,f,,{},3WQQ9FUS6CIRPL78VFJS4W0QUT9B8E,AssignmentReturned
164,2019-09-27 16:58:34.356473,,,,,,f,,{},34HJIJKLP7K5FYICOTKFOWESVZHV4L,AssignmentReturned
165,2019-09-27 16:58:40.87818,,,,,,f,,{},3SKEMFQBZ5TSIOB21SWL3ZJGHNLK8A,AssignmentReturned
166,2019-09-27 16:58:51.316647,,,,,,f,,{},3WQQ9FUS6CIRPL78VFJS4W0QUT9B8E,AssignmentAccepted
167,2019-09-27 16:58:51.613352,,,,,,f,,{},34HJIJKLP7K5FYICOTKFOWESVZHV4L,AssignmentAccepted
168,2019-09-27 16:59:12.322424,,,,,,f,,{},3QILPRALQ7JTQUW5Y5O1VR0KBJUN8O,AssignmentAccepted
169,2019-09-27 16:59:19.80552,,,,,,f,,{},3WQQ9FUS6CIRPL78VFJS4W0QUT9B8E,AssignmentReturned
170,2019-09-27 17:00:06.803423,,,,,,f,,{},3MD9PLUKKK28AQXS7VOE8BXOAS1ZN5,AssignmentAccepted
171,2019-09-27 17:00:14.040033,,,,,,f,,{},34HJIJKLP7K5FYICOTKFOWESVZHV4L,AssignmentReturned
172,2019-09-27 17:00:40.512587,,,,,,f,,{},34MAJL3QP6BL3PGT4JE951M94F143A,AssignmentReturned
173,2019-09-27 17:00:49.302448,,,,,,f,,{},3Q5C1WP23OP7P56EVKJ0M0DQ6SP51X,AssignmentAccepted
174,2019-09-27 17:00:58.372951,,,,,,f,,{},3QILPRALQ7JTQUW5Y5O1VR0KBJUN8O,AssignmentReturned
175,2019-09-27 17:01:05.128705,,,,,,f,,{},34MAJL3QP6BL3PGT4JE951M94F143A,AssignmentAccepted
176,2019-09-27 17:01:20.204466,,,,,,f,,{},3QILPRALQ7JTQUW5Y5O1VR0KBJUN8O,AssignmentAccepted
177,2019-09-27 17:03:08.254005,,,,,,f,,{},3ERMJ6L4D0GJ8Y6MCZHV4CFPV84M7O,AssignmentReturned
178,2019-09-27 17:03:08.257792,,,,,,f,,{},3ERMJ6L4D0GJ8Y6MCZHV4CFPV84M7O,AssignmentAccepted
179,2019-09-27 17:04:05.36896,,,,,,f,,{},3ERMJ6L4D0GJ8Y6MCZHV4CFPV84M7O,AssignmentReturned
180,2019-09-27 17:04:30.955108,,,,,,f,,{},369J354OFFY0COWVIME8LTVW4B2G65,AssignmentReturned
181,2019-09-27 17:04:31.022216,,,,,,f,,{},369J354OFFY0COWVIME8LTVW4B2G65,AssignmentAccepted
182,2019-09-27 17:04:42.939901,,,,,,f,,{},3TE3O85732W3JDM8BVWHUKSRQGUR2G,AssignmentAccepted
183,2019-09-27 17:06:35.941906,,,,,,f,,{},3A0EX8ZRNAC64RYQ8JHM39OSN8YBYE,AssignmentReturned
184,2019-09-27 17:06:48.874871,,,,,,f,,{},3A0EX8ZRNAC64RYQ8JHM39OSN8YBYE,AssignmentAccepted
185,2019-09-27 17:08:29.594346,,,,,,f,,{},3LS2AMNW5HEHEJWDLE5EW7LPVYDQO7,AssignmentAbandoned
186,2019-09-27 17:09:04.226449,,,,,,f,,{},3LS2AMNW5HEHEJWDLE5EW7LPVYDQO7,AssignmentAccepted
187,2019-09-27 17:10:13.505693,,,,,,f,,{},3TE3O85732W3JDM8BVWHUKSRQGUR2G,AssignmentReturned
188,2019-09-27 17:10:32.017718,,,,,,f,,{},3TE3O85732W3JDM8BVWHUKSRQGUR2G,AssignmentAccepted
189,2019-09-27 17:11:17.847933,,,,,,f,,{},3LS2AMNW5HEHEJWDLE5EW7LPVYDQO7,AssignmentReturned
190,2019-09-27 17:11:35.153615,,,,,,f,,{},3LS2AMNW5HEHEJWDLE5EW7LPVYDQO7,AssignmentAccepted
191,2019-09-27 17:15:11.838945,,,,,,f,,{},3MD9PLUKKK28AQXS7VOE8BXOAS1ZN5,AssignmentReturned
192,2019-09-27 17:15:28.943771,,,,,,f,,{},3MD9PLUKKK28AQXS7VOE8BXOAS1ZN5,AssignmentAccepted
193,2019-09-27 17:16:31.526795,,,,,,f,,{},369J354OFFY0COWVIME8LTVW4B2G65,AssignmentReturned
194,2019-09-27 17:16:42.296645,,,,,,f,,{},3MD9PLUKKK28AQXS7VOE8BXOAS1ZN5,AssignmentAccepted
195,2019-09-27 17:16:42.307967,,,,,,f,,{},3MD9PLUKKK28AQXS7VOE8BXOAS1ZN5,AssignmentReturned
196,2019-09-27 17:16:50.645449,,,,,,f,,{},369J354OFFY0COWVIME8LTVW4B2G65,AssignmentAccepted
197,2019-09-27 17:17:01.750642,,,,,,f,,{},3L4D84MIL1GQ0F6DMBQFFXC25H5HJH,AssignmentAccepted
198,2019-09-27 17:17:01.778359,,,,,,f,,{},3L4D84MIL1GQ0F6DMBQFFXC25H5HJH,AssignmentAbandoned
199,2019-09-27 17:18:46.945411,,,,,,f,,{},3LRLIPTPESX61C4HYQGZZQPB7B1KAU,AssignmentReturned
200,2019-09-27 17:19:10.318877,,,,,,f,,{},3A0EX8ZRNAC64RYQ8JHM39OSN8YBYE,AssignmentSubmitted
201,2019-09-27 17:19:16.096434,,,,,,f,,{},3SB5N7Y3O5S5YDAGGXYRCSL5R970GH,AssignmentAccepted
202,2019-09-27 17:19:16.133359,,,,,,f,,{},3X66WABAJY61F59DZKGAEQJCULRG3S,AssignmentAccepted
203,2019-09-27 17:19:20.289727,,,,,,f,,{},3QRYMNZ7F05COEOT13ZWMNW7PWPTNT,AssignmentAccepted
204,2019-09-27 17:19:20.300629,,,,,,f,,{},3TE3O85732W3JDM8BVWHUKSRQG22RZ,AssignmentAccepted
205,2019-09-27 17:19:20.753315,,,,,,f,,{},3180JW2OT60EKMMIL9P6Q09C09Z5JB,AssignmentAccepted
206,2019-09-27 17:19:20.789297,,,,,,f,,{},3DHE4R9OCYZCUNDUVK25VGEKO7RG2H,AssignmentAccepted
207,2019-09-27 17:19:21.549571,,,,,,f,,{},30BUDKLTXFJ6960Q78EFTKWKV135EQ,AssignmentAccepted
208,2019-09-27 17:19:21.563535,,,,,,f,,{},3WS1NTTKE00ZKDEL5DS9U7LTQU70FI,AssignmentAccepted
209,2019-09-27 17:19:26.143391,,,,,,f,,{},3FIUS151DXQ29HL1UZNUXK8LYQWGG0,AssignmentAccepted
210,2019-09-27 17:19:37.083176,,,,,,f,,{},3XC1O3LBOUAM0EL8PQJH9VSIK1PTLR,AssignmentAccepted
211,2019-09-27 17:19:37.095465,,,,,,f,,{},3YDGXNSEO1I74MMZG095WIUKK2A84P,AssignmentAccepted
212,2019-09-27 17:19:59.943329,,,,,,f,,{},3Q5C1WP23OP7P56EVKJ0M0DQ6SP51X,AssignmentReturned
213,2019-09-27 17:20:46.548414,,,,,,f,,{},369J354OFFY0COWVIME8LTVW4B2G65,AssignmentReturned
214,2019-09-27 17:20:49.275597,,,,,,f,,{},369J354OFFY0COWVIME8LTVW4B2G65,AssignmentAccepted
215,2019-09-27 17:20:59.015962,,,,,,f,,{},3DY46V3X3R66DN7XW7LCPQQ7I8555Q,AssignmentAccepted
216,2019-09-27 17:21:10.902589,,,,,,f,,{},3FIUS151DXQ29HL1UZNUXK8LYQWGG0,AssignmentReturned
217,2019-09-27 17:21:32.335043,,,,,,f,,{},3FIUS151DXQ29HL1UZNUXK8LYQWGG0,AssignmentAccepted
218,2019-09-27 17:22:31.937184,,,,,,f,,{},34MAJL3QP6BL3PGT4JE951M94F143A,AssignmentReturned
219,2019-09-27 17:22:55.683751,,,,,,f,,{},3QRYMNZ7F05COEOT13ZWMNW7PWPTNT,AssignmentReturned
220,2019-09-27 17:22:57.623293,,,,,,f,,{},34MAJL3QP6BL3PGT4JE951M94F143A,AssignmentAccepted
221,2019-09-27 17:23:03.685519,,,,,,f,,{},3WS1NTTKE00ZKDEL5DS9U7LTQU70FI,AssignmentReturned
222,2019-09-27 17:23:03.738823,,,,,,f,,{},3WS1NTTKE00ZKDEL5DS9U7LTQU70FI,AssignmentAccepted
223,2019-09-27 17:23:31.039877,,,,,,f,,{},369J354OFFY0COWVIME8LTVW4B2G65,AssignmentReturned
224,2019-09-27 17:23:38.898675,,,,,,f,,{},3XC1O3LBOUAM0EL8PQJH9VSIK1PTLR,AssignmentSubmitted
225,2019-09-27 17:23:46.651468,,,,,,f,,{},3SB5N7Y3O5S5YDAGGXYRCSL5R970GH,AssignmentSubmitted
226,2019-09-27 17:23:56.281775,,,,,,f,,{},30BXRYBRP6LC6Z6CTA9U4N6A7E0WHF,AssignmentAccepted
227,2019-09-27 17:24:15.327715,,,,,,f,,{},30IQTZXKAMUGKZ5657YV0EL0UZ50XB,AssignmentAccepted
228,2019-09-27 17:24:46.210744,,,,,,f,,{},3X66WABAJY61F59DZKGAEQJCULRG3S,AssignmentSubmitted
229,2019-09-27 17:24:58.52119,,,,,,f,,{},3180JW2OT60EKMMIL9P6Q09C09Z5JB,AssignmentSubmitted
230,2019-09-27 17:25:16.602024,,,,,,f,,{},3TE3O85732W3JDM8BVWHUKSRQG22RZ,AssignmentSubmitted
231,2019-09-27 17:25:16.605028,,,,,,f,,{},30IQTZXKAMUGKZ5657YV0EL0UZ50XB,AssignmentReturned
232,2019-09-27 17:25:31.83086,,,,,,f,,{},30IQTZXKAMUGKZ5657YV0EL0UZ50XB,AssignmentAccepted
233,2019-09-27 17:25:37.99799,,,,,,f,,{},3QILPRALQ7JTQUW5Y5O1VR0KBJUN8O,AssignmentAbandoned
234,2019-09-27 17:25:43.061816,,,,,,f,,{},3TE3O85732W3JDM8BVWHUKSRQGUR2G,AssignmentReturned
235,2019-09-27 17:25:48.378483,,,,,,f,,{},3QILPRALQ7JTQUW5Y5O1VR0KBJUN8O,AssignmentAccepted
236,2019-09-27 17:25:49.887083,,,,,,f,,{},3TE3O85732W3JDM8BVWHUKSRQGUR2G,AssignmentAccepted
237,2019-09-27 17:26:00.780631,,,,,,f,,{},34MAJL3QP6BL3PGT4JE951M94F143A,AssignmentReturned
238,2019-09-27 17:26:11.068864,,,,,,f,,{},34MAJL3QP6BL3PGT4JE951M94F143A,AssignmentAccepted
239,2019-09-27 17:26:34.19015,,,,,,f,,{},3MD9PLUKKK28AQXS7VOE8BXOAS1ZN5,AssignmentAccepted
240,2019-09-27 17:26:34.19608,,,,,,f,,{},3YDGXNSEO1I74MMZG095WIUKK2A84P,AssignmentReturned
241,2019-09-27 17:26:34.374124,,,,,,f,,{},3MD9PLUKKK28AQXS7VOE8BXOAS1ZN5,AssignmentReturned
242,2019-09-27 17:26:58.076605,,,,,,f,,{},3YDGXNSEO1I74MMZG095WIUKK2A84P,AssignmentAccepted
243,2019-09-27 17:27:46.459832,,,,,,f,,{},3QILPRALQ7JTQUW5Y5O1VR0KBJUN8O,AssignmentReturned
244,2019-09-27 17:28:17.951511,,,,,,f,,{},3IRIK4HM3C8NVCGQG0IPV2AH6K5C6O,AssignmentAccepted
245,2019-09-27 17:28:46.70882,,,,,,f,,{},3IRIK4HM3C8NVCGQG0IPV2AH6K5C6O,AssignmentReturned
246,2019-09-27 17:29:10.420522,,,,,,f,,{},3FIUS151DXQ29HL1UZNUXK8LYQWGG0,AssignmentReturned
247,2019-09-27 17:29:15.023834,,,,,,f,,{},3IRIK4HM3C8NVCGQG0IPV2AH6K5C6O,AssignmentAccepted
248,2019-09-27 17:29:38.17936,,,,,,f,,{},3FIUS151DXQ29HL1UZNUXK8LYQWGG0,AssignmentAccepted
249,2019-09-27 17:30:52.329845,,,,,,f,,{},3L4D84MIL1GQ0F6DMBQFFXC25H5HJH,AssignmentReturned
250,2019-09-27 17:31:06.50445,,,,,,f,,{},3L4D84MIL1GQ0F6DMBQFFXC25H5HJH,AssignmentAccepted
253,2019-09-27 17:31:57.431699,,,,,,f,,{},3WS1NTTKE00ZKDEL5DS9U7LTQU70FI,AssignmentSubmitted
256,2019-09-27 17:32:42.474275,,,,,,f,,{},3L4D84MIL1GQ0F6DMBQFFXC25H5HJH,AssignmentReturned
259,2019-09-27 17:33:00.718698,,,,,,f,,{},30BUDKLTXFJ6960Q78EFTKWKV135EQ,AssignmentAccepted
262,2019-09-27 17:35:43.888554,,,,,,f,,{},34MAJL3QP6BL3PGT4JE951M94F143A,AssignmentAccepted
265,2019-09-27 17:35:54.054068,,,,,,f,,{},3IRIK4HM3C8NVCGQG0IPV2AH6K5C6O,AssignmentReturned
268,2019-09-27 17:38:27.286385,,,,,,f,,{},3LS2AMNW5HEHEJWDLE5EW7LPVYDQO7,AssignmentReturned
271,2019-09-27 17:38:53.831754,,,,,,f,,{},3IRIK4HM3C8NVCGQG0IPV2AH6K5C6O,AssignmentAccepted
274,2019-09-27 17:39:10.645575,,,,,,f,,{},30BUDKLTXFJ6960Q78EFTKWKV135EQ,AssignmentSubmitted
277,2019-09-27 17:40:42.60711,,,,,,f,,{},3ZY8KE4ISLRC435AMQRSRZFXRS2QV3,AssignmentAccepted
280,2019-09-27 17:41:28.989347,,,,,,f,,{},3L4D84MIL1GQ0F6DMBQFFXC25H5HJH,AssignmentAccepted
283,2019-09-27 17:43:36.673634,,,,,,f,,{},3DHE4R9OCYZCUNDUVK25VGEKO7RG2H,AssignmentAbandoned
286,2019-09-27 17:44:38.853878,,,,,,f,,{},3L4D84MIL1GQ0F6DMBQFFXC25H5HJH,AssignmentReturned
289,2019-09-27 17:45:07.621282,,,,,,f,,{},3IRIK4HM3C8NVCGQG0IPV2AH6K5C6O,AssignmentReturned
291,2019-09-27 17:45:33.761834,,,,,,f,,{},34PGFRQONQZ8X512HACFG0MPK6EWJU,AssignmentAccepted
294,2019-09-27 17:46:04.738669,,,,,,f,,{},34PGFRQONQZ8X512HACFG0MPK6EWJU,AssignmentAccepted
297,2019-09-27 17:46:30.366003,,,,,,f,,{},32SCWG5HIJS6P1PUL54VF29O53S6P4,AssignmentReturned
300,2019-09-27 17:47:04.97348,,,,,,f,,{},3FIUS151DXQ29HL1UZNUXK8LYQWGG0,AssignmentReturned
303,2019-09-27 17:48:46.475005,,,,,,f,,{},3XM0HYN6NMNA2GI9RNNTRQ11M1FPE7,AssignmentAccepted
306,2019-09-27 17:49:07.523019,,,,,,f,,{},32SCWG5HIJS6P1PUL54VF29O53S6P4,AssignmentAccepted
309,2019-09-27 17:50:05.640908,,,,,,f,,{},3XM0HYN6NMNA2GI9RNNTRQ11M1FPE7,AssignmentReturned
312,2019-09-27 17:50:37.930169,,,,,,f,,{},34PGFRQONQZ8X512HACFG0MPK6EWJU,AssignmentReturned
315,2019-09-27 17:51:01.44419,,,,,,f,,{},3P4RDNWND7UQWAHXST80F9DH5VJJID,AssignmentAccepted
318,2019-09-27 17:52:33.89177,,,,,,f,,{},3MD9PLUKKK28AQXS7VOE8BXOAS1ZN5,AssignmentReturned
321,2019-09-27 17:52:44.671437,,,,,,f,,{},3XM0HYN6NMNA2GI9RNNTRQ11M1FPE7,AssignmentReturned
324,2019-09-27 17:53:23.358615,,,,,,f,,{},3QILPRALQ7JTQUW5Y5O1VR0KBJKN8E,AssignmentReturned
251,2019-09-27 17:31:29.006033,,,,,,f,,{},3TE3O85732W3JDM8BVWHUKSRQGUR2G,AssignmentAccepted
254,2019-09-27 17:32:04.148343,,,,,,f,,{},30BUDKLTXFJ6960Q78EFTKWKV135EQ,AssignmentReturned
257,2019-09-27 17:32:48.034208,,,,,,f,,{},3L4D84MIL1GQ0F6DMBQFFXC25H5HJH,AssignmentAccepted
260,2019-09-27 17:34:22.45586,,,,,,f,,{},3YDGXNSEO1I74MMZG095WIUKK2A84P,AssignmentSubmitted
263,2019-09-27 17:35:50.417804,,,,,,f,,{},3LS2AMNW5HEHEJWDLE5EW7LPVYDQO7,AssignmentAbandoned
266,2019-09-27 17:36:08.203918,,,,,,f,,{},3LS2AMNW5HEHEJWDLE5EW7LPVYDQO7,AssignmentAccepted
269,2019-09-27 17:38:40.436073,,,,,,f,,{},3LS2AMNW5HEHEJWDLE5EW7LPVYDQO7,AssignmentAccepted
272,2019-09-27 17:39:00.411799,,,,,,f,,{},3DEL4X4EL89DHU1RDF94S6FK6CQYXG,AssignmentAccepted
275,2019-09-27 17:39:51.516122,,,,,,f,,{},3DEL4X4EL89DHU1RDF94S6FK6CQYXG,AssignmentAccepted
278,2019-09-27 17:40:46.026725,,,,,,f,,{},3DY46V3X3R66DN7XW7LCPQQ7I8555Q,AssignmentReturned
281,2019-09-27 17:41:29.061591,,,,,,f,,{},3L4D84MIL1GQ0F6DMBQFFXC25H5HJH,AssignmentReturned
284,2019-09-27 17:44:28.968921,,,,,,f,,{},3K9FOBBF2J7O51GOSUX50WMQVJFNLW,AssignmentAccepted
287,2019-09-27 17:44:38.867347,,,,,,f,,{},3L4D84MIL1GQ0F6DMBQFFXC25H5HJH,AssignmentAccepted
290,2019-09-27 17:45:19.771677,,,,,,f,,{},3XM0HYN6NMNA2GI9RNNTRQ11M1FPE7,AssignmentAccepted
293,2019-09-27 17:45:44.478909,,,,,,f,,{},34PGFRQONQZ8X512HACFG0MPK6EWJU,AssignmentReturned
296,2019-09-27 17:46:16.482277,,,,,,f,,{},34PGFRQONQZ8X512HACFG0MPK6EWJU,AssignmentAccepted
299,2019-09-27 17:46:59.021754,,,,,,f,,{},34PGFRQONQZ8X512HACFG0MPK6EWJU,AssignmentReturned
302,2019-09-27 17:47:32.576755,,,,,,f,,{},34PGFRQONQZ8X512HACFG0MPK6EWJU,AssignmentAccepted
305,2019-09-27 17:48:47.732949,,,,,,f,,{},32SCWG5HIJS6P1PUL54VF29O53S6P4,AssignmentReturned
308,2019-09-27 17:50:01.814576,,,,,,f,,{},30IQTZXKAMUGKZ5657YV0EL0UZ50XB,AssignmentAccepted
311,2019-09-27 17:50:35.940691,,,,,,f,,{},3MD9PLUKKK28AQXS7VOE8BXOAS1ZN5,AssignmentAbandoned
314,2019-09-27 17:50:41.618053,,,,,,f,,{},30IQTZXKAMUGKZ5657YV0EL0UZ50XB,AssignmentReturned
317,2019-09-27 17:51:58.520694,,,,,,f,,{},3P4RDNWND7UQWAHXST80F9DH5VJJID,AssignmentReturned
320,2019-09-27 17:52:44.638211,,,,,,f,,{},3XM0HYN6NMNA2GI9RNNTRQ11M1FPE7,AssignmentAccepted
323,2019-09-27 17:53:15.657755,,,,,,f,,{},3FIUS151DXQ29HL1UZNUXK8LYQWGG0,AssignmentReturned
252,2019-09-27 17:31:29.013621,,,,,,f,,{},3TE3O85732W3JDM8BVWHUKSRQGUR2G,AssignmentReturned
255,2019-09-27 17:32:07.469726,,,,,,f,,{},30BUDKLTXFJ6960Q78EFTKWKV135EQ,AssignmentAccepted
258,2019-09-27 17:33:00.670865,,,,,,f,,{},30BUDKLTXFJ6960Q78EFTKWKV135EQ,AssignmentReturned
261,2019-09-27 17:35:31.679417,,,,,,f,,{},34MAJL3QP6BL3PGT4JE951M94F143A,AssignmentReturned
264,2019-09-27 17:35:54.037104,,,,,,f,,{},3IRIK4HM3C8NVCGQG0IPV2AH6K5C6O,AssignmentAccepted
267,2019-09-27 17:38:17.820641,,,,,,f,,{},34MAJL3QP6BL3PGT4JE951M94F143A,AssignmentReturned
270,2019-09-27 17:38:41.790926,,,,,,f,,{},3IRIK4HM3C8NVCGQG0IPV2AH6K5C6O,AssignmentReturned
273,2019-09-27 17:39:09.862243,,,,,,f,,{},3DEL4X4EL89DHU1RDF94S6FK6CQYXG,AssignmentReturned
276,2019-09-27 17:39:52.600116,,,,,,f,,{},3TE3O85732W3JDM8BVWHUKSRQGUR2G,AssignmentReturned
279,2019-09-27 17:40:54.247132,,,,,,f,,{},3DY46V3X3R66DN7XW7LCPQQ7I8555Q,AssignmentAccepted
282,2019-09-27 17:43:10.5543,,,,,,f,,{},30BXRYBRP6LC6Z6CTA9U4N6A7E0WHF,AssignmentSubmitted
285,2019-09-27 17:44:29.02653,,,,,,f,,{},3DEL4X4EL89DHU1RDF94S6FK6CQYXG,AssignmentReturned
288,2019-09-27 17:44:42.633207,,,,,,f,,{},3ZY8KE4ISLRC435AMQRSRZFXRS2QV3,AssignmentReturned
292,2019-09-27 17:45:33.775233,,,,,,f,,{},32SCWG5HIJS6P1PUL54VF29O53S6P4,AssignmentAccepted
295,2019-09-27 17:46:04.802949,,,,,,f,,{},34PGFRQONQZ8X512HACFG0MPK6EWJU,AssignmentReturned
298,2019-09-27 17:46:34.528672,,,,,,f,,{},32SCWG5HIJS6P1PUL54VF29O53S6P4,AssignmentAccepted
301,2019-09-27 17:47:25.029763,,,,,,f,,{},3FIUS151DXQ29HL1UZNUXK8LYQWGG0,AssignmentAccepted
304,2019-09-27 17:48:46.497477,,,,,,f,,{},3XM0HYN6NMNA2GI9RNNTRQ11M1FPE7,AssignmentReturned
307,2019-09-27 17:49:37.613939,,,,,,f,,{},30IQTZXKAMUGKZ5657YV0EL0UZ50XB,AssignmentAbandoned
310,2019-09-27 17:50:05.720261,,,,,,f,,{},3XM0HYN6NMNA2GI9RNNTRQ11M1FPE7,AssignmentAccepted
313,2019-09-27 17:50:38.012454,,,,,,f,,{},34PGFRQONQZ8X512HACFG0MPK6EWJU,AssignmentAccepted
316,2019-09-27 17:51:10.972265,,,,,,f,,{},3MD9PLUKKK28AQXS7VOE8BXOAS1ZN5,AssignmentAccepted
319,2019-09-27 17:52:42.743332,,,,,,f,,{},3MD9PLUKKK28AQXS7VOE8BXOAS1ZN5,AssignmentAccepted
322,2019-09-27 17:52:51.581764,,,,,,f,,{},3QILPRALQ7JTQUW5Y5O1VR0KBJKN8E,AssignmentAccepted
325,2019-09-27 17:53:38.417274,,,,,,f,,{},3QILPRALQ7JTQUW5Y5O1VR0KBJKN8E,AssignmentAccepted
326,2019-09-27 17:53:44.828053,,,,,,f,,{},3FIUS151DXQ29HL1UZNUXK8LYQWGG0,AssignmentAccepted
327,2019-09-27 17:54:52.247383,,,,,,f,,{},3FIUS151DXQ29HL1UZNUXK8LYQWGG0,AssignmentReturned
328,2019-09-27 17:55:22.885965,,,,,,f,,{},3FIUS151DXQ29HL1UZNUXK8LYQWGG0,AssignmentAccepted
329,2019-09-27 17:56:45.128234,,,,,,f,,{},3FIUS151DXQ29HL1UZNUXK8LYQWGG0,AssignmentReturned
330,2019-09-27 17:56:45.158716,,,,,,f,,{},3FIUS151DXQ29HL1UZNUXK8LYQWGG0,AssignmentAccepted
331,2019-09-27 17:56:48.320367,,,,,,f,,{},3MD9PLUKKK28AQXS7VOE8BXOAS1ZN5,AssignmentReturned
332,2019-09-27 17:56:57.434458,,,,,,f,,{},3FIUS151DXQ29HL1UZNUXK8LYQWGG0,AssignmentReturned
333,2019-09-27 17:57:05.560167,,,,,,f,,{},3MD9PLUKKK28AQXS7VOE8BXOAS1ZN5,AssignmentAccepted
334,2019-09-27 17:57:30.784301,,,,,,f,,{},3EJJQNKU9TT7Y3PQUGZOHOYTFZ1RHN,AssignmentAccepted
335,2019-09-27 17:57:53.889602,,,,,,f,,{},34PGFRQONQZ8X512HACFG0MPK6EWJU,AssignmentAccepted
336,2019-09-27 17:57:53.90827,,,,,,f,,{},34PGFRQONQZ8X512HACFG0MPK6EWJU,AssignmentReturned
337,2019-09-27 17:59:07.071846,,,,,,f,,{},34PGFRQONQZ8X512HACFG0MPK6EWJU,AssignmentReturned
338,2019-09-27 17:59:07.111593,,,,,,f,,{},34PGFRQONQZ8X512HACFG0MPK6EWJU,AssignmentAccepted
339,2019-09-27 17:59:16.76843,,,,,,f,,{},32SCWG5HIJS6P1PUL54VF29O53S6P4,AssignmentReturned
340,2019-09-27 17:59:43.147337,,,,,,f,,{},3EJJQNKU9TT7Y3PQUGZOHOYTFZ1RHN,AssignmentReturned
341,2019-09-27 17:59:43.568311,,,,,,f,,{},3XM0HYN6NMNA2GI9RNNTRQ11M1FPE7,AssignmentReturned
342,2019-09-27 17:59:48.4757,,,,,,f,,{},3YZ8UPK3VVA8XN6RCIGSB8OX962CU5,AssignmentAccepted
343,2019-09-27 17:59:53.689166,,,,,,f,,{},3XM0HYN6NMNA2GI9RNNTRQ11M1FPE7,AssignmentAccepted
344,2019-09-27 18:00:07.925869,,,,,,f,,{},3EJJQNKU9TT7Y3PQUGZOHOYTFZ1RHN,AssignmentAccepted
345,2019-09-27 18:01:05.626014,,,,,,f,,{},3XM0HYN6NMNA2GI9RNNTRQ11M1FPE7,AssignmentReturned
346,2019-09-27 18:01:20.37058,,,,,,f,,{},3XM0HYN6NMNA2GI9RNNTRQ11M1FPE7,AssignmentAccepted
347,2019-09-27 18:02:25.573223,,,,,,f,,{},3QILPRALQ7JTQUW5Y5O1VR0KBJKN8E,AssignmentReturned
348,2019-09-27 18:02:33.901777,,,,,,f,,{},3XM0HYN6NMNA2GI9RNNTRQ11M1FPE7,AssignmentReturned
349,2019-09-27 18:02:47.312191,,,,,,f,,{},3T111IHZ5GEEJX77W4BW4705WMWR90,AssignmentAccepted
350,2019-09-27 18:02:47.338651,,,,,,f,,{},3XM0HYN6NMNA2GI9RNNTRQ11M1FPE7,AssignmentAccepted
351,2019-09-27 18:02:58.299963,,,,,,f,,{},3LS2AMNW5HEHEJWDLE5EW7LPVYDQO7,AssignmentAbandoned
352,2019-09-27 18:02:58.344909,,,,,,f,,{},3L4D84MIL1GQ0F6DMBQFFXC25H5HJH,AssignmentReturned
353,2019-09-27 18:03:22.084052,,,,,,f,,{},3XM0HYN6NMNA2GI9RNNTRQ11M1FPE7,AssignmentReturned
354,2019-09-27 18:03:25.373493,,,,,,f,,{},3XM0HYN6NMNA2GI9RNNTRQ11M1FPE7,AssignmentAccepted
355,2019-09-27 18:03:29.932795,,,,,,f,,{},3L4D84MIL1GQ0F6DMBQFFXC25H5HJH,AssignmentAccepted
356,2019-09-27 18:03:47.64944,,,,,,f,,{},36U2A8VAG3N7XU2KEWUF2C7IA3NYK3,AssignmentAccepted
357,2019-09-27 18:05:12.78634,,,,,,f,,{},3DY46V3X3R66DN7XW7LCPQQ7I8555Q,AssignmentAbandoned
358,2019-09-27 18:05:20.809749,,,,,,f,,{},3DY46V3X3R66DN7XW7LCPQQ7I8555Q,AssignmentAccepted
359,2019-09-27 18:06:07.141491,,,,,,f,,{},3MD9PLUKKK28AQXS7VOE8BXOAS1ZN5,AssignmentReturned
360,2019-09-27 18:06:13.483533,,,,,,f,,{},3MD9PLUKKK28AQXS7VOE8BXOAS1ZN5,AssignmentAccepted
361,2019-09-27 18:06:50.263706,,,,,,f,,{},3XM0HYN6NMNA2GI9RNNTRQ11M1FPE7,AssignmentReturned
362,2019-09-27 18:06:57.887638,,,,,,f,,{},3MD9PLUKKK28AQXS7VOE8BXOAS1ZN5,AssignmentReturned
363,2019-09-27 18:07:22.695349,,,,,,f,,{},3S96KQ6I9OS322XGC9LTQIKDBSBDTJ,AssignmentAccepted
364,2019-09-27 18:07:35.012872,,,,,,f,,{},3QXNC7EIPKJQJ3N82RSHKBZINWZ90M,AssignmentAccepted
365,2019-09-27 18:08:00.31776,,,,,,f,,{},3EJJQNKU9TT7Y3PQUGZOHOYTFZ1RHN,AssignmentReturned
366,2019-09-27 18:08:13.395443,,,,,,f,,{},3S96KQ6I9OS322XGC9LTQIKDBSBDTJ,AssignmentReturned
367,2019-09-27 18:08:25.242244,,,,,,f,,{},3TAYZSBPLNWFKSMLQKWMKUXNCI8S20,AssignmentAccepted
368,2019-09-27 18:08:34.908397,,,,,,f,,{},3DY46V3X3R66DN7XW7LCPQQ7I8555Q,AssignmentReturned
369,2019-09-27 18:08:37.545538,,,,,,f,,{},3O6CYIULEFPHBLCWT9GTN2V01MOUW0,AssignmentAccepted
370,2019-09-27 18:08:37.952646,,,,,,f,,{},34PGFRQONQZ8X512HACFG0MPK6EWJU,AssignmentReturned
371,2019-09-27 18:08:45.267356,,,,,,f,,{},3K9FOBBF2J7O51GOSUX50WMQVJFNLW,AssignmentAbandoned
372,2019-09-27 18:08:45.62736,,,,,,f,,{},34PGFRQONQZ8X512HACFG0MPK6EWJU,AssignmentAccepted
373,2019-09-27 18:08:58.437303,,,,,,f,,{},3K9FOBBF2J7O51GOSUX50WMQVJFNLW,AssignmentAccepted
374,2019-09-27 18:09:03.347514,,,,,,f,,{},3TAYZSBPLNWFKSMLQKWMKUXNCI8S20,AssignmentReturned
375,2019-09-27 18:09:22.646018,,,,,,f,,{},3B3WTRP3DDQXFDQMHEWV3ZSXKVK929,AssignmentAccepted
376,2019-09-27 18:09:30.51422,,,,,,f,,{},3O6CYIULEFPHBLCWT9GTN2V01MOUW0,AssignmentReturned
379,2019-09-27 18:10:01.623727,,,,,,f,,{},34PGFRQONQZ8X512HACFG0MPK6EWJU,AssignmentReturned
382,2019-09-27 18:11:00.204631,,,,,,f,,{},3GDTJDAPVWZN8CB5M491ICBK6UK8MB,AssignmentAccepted
385,2019-09-27 18:11:41.970754,,,,,,f,,{},3L4D84MIL1GQ0F6DMBQFFXC25H5HJH,AssignmentAccepted
388,2019-09-27 18:12:46.11379,,,,,,f,,{},3TPZPLC3M207SI2C236X8ZX4VD3P3W,AssignmentAccepted
390,2019-09-27 18:13:59.145399,,,,,,f,,{},3L4D84MIL1GQ0F6DMBQFFXC25H5HJH,AssignmentReturned
393,2019-09-27 18:15:03.099204,,,,,,f,,{},3T111IHZ5GEEJX77W4BW4705WMWR90,AssignmentAccepted
396,2019-09-27 18:15:19.457668,,,,,,f,,{},36U2A8VAG3N7XU2KEWUF2C7IA3NYK3,AssignmentAccepted
399,2019-09-27 18:15:44.017607,,,,,,f,,{},36U2A8VAG3N7XU2KEWUF2C7IA3NYK3,AssignmentReturned
402,2019-09-27 18:15:48.117101,,,,,,f,,{},34PGFRQONQZ8X512HACFG0MPK6EWJU,AssignmentAccepted
405,2019-09-27 18:16:40.708456,,,,,,f,,{},3B3WTRP3DDQXFDQMHEWV3ZSXKVK929,AssignmentAccepted
377,2019-09-27 18:09:38.375421,,,,,,f,,{},3Z4GS9HPNXY0NVZZ8TF6LUIZ0LI77B,AssignmentAccepted
380,2019-09-27 18:10:11.876012,,,,,,f,,{},34PGFRQONQZ8X512HACFG0MPK6EWJU,AssignmentAccepted
383,2019-09-27 18:11:08.367389,,,,,,f,,{},3QXNC7EIPKJQJ3N82RSHKBZINWZ90M,AssignmentReturned
386,2019-09-27 18:11:42.641854,,,,,,f,,{},3TPZPLC3M207SI2C236X8ZX4VD3P3W,AssignmentAccepted
389,2019-09-27 18:13:58.654791,,,,,,f,,{},3B3WTRP3DDQXFDQMHEWV3ZSXKVK929,AssignmentReturned
392,2019-09-27 18:14:29.509642,,,,,,f,,{},3B3WTRP3DDQXFDQMHEWV3ZSXKVK929,AssignmentAccepted
395,2019-09-27 18:15:11.683432,,,,,,f,,{},36U2A8VAG3N7XU2KEWUF2C7IA3NYK3,AssignmentReturned
398,2019-09-27 18:15:27.378537,,,,,,f,,{},3T111IHZ5GEEJX77W4BW4705WMWR90,AssignmentAccepted
401,2019-09-27 18:15:47.809204,,,,,,f,,{},36U2A8VAG3N7XU2KEWUF2C7IA3NYK3,AssignmentAccepted
404,2019-09-27 18:16:24.596968,,,,,,f,,{},3B3WTRP3DDQXFDQMHEWV3ZSXKVK929,AssignmentReturned
407,2019-09-27 18:17:16.015087,,,,,,f,,{},3NXNZ5RS1CL41ENSNQDQZQ95VBA79R,AssignmentReturned
378,2019-09-27 18:09:58.404697,,,,,,f,,{},3O6CYIULEFPHBLCWT9GTN2V01MOUW0,AssignmentAccepted
381,2019-09-27 18:10:17.694168,,,,,,f,,{},3Z4GS9HPNXY0NVZZ8TF6LUIZ0LI77B,AssignmentReturned
384,2019-09-27 18:11:12.447694,,,,,,f,,{},3L4D84MIL1GQ0F6DMBQFFXC25H5HJH,AssignmentReturned
387,2019-09-27 18:12:28.933361,,,,,,f,,{},3TPZPLC3M207SI2C236X8ZX4VD3P3W,AssignmentReturned
391,2019-09-27 18:13:59.163221,,,,,,f,,{},3L4D84MIL1GQ0F6DMBQFFXC25H5HJH,AssignmentAccepted
394,2019-09-27 18:15:03.158234,,,,,,f,,{},3T111IHZ5GEEJX77W4BW4705WMWR90,AssignmentReturned
397,2019-09-27 18:15:25.8037,,,,,,f,,{},3T111IHZ5GEEJX77W4BW4705WMWR90,AssignmentReturned
400,2019-09-27 18:15:47.01702,,,,,,f,,{},34PGFRQONQZ8X512HACFG0MPK6EWJU,AssignmentReturned
403,2019-09-27 18:16:06.411556,,,,,,f,,{},3T111IHZ5GEEJX77W4BW4705WMWR90,AssignmentReturned
406,2019-09-27 18:16:56.550586,,,,,,f,,{},3NXNZ5RS1CL41ENSNQDQZQ95VBA79R,AssignmentAccepted
408,2019-09-27 18:17:37.712919,,,,,,f,,{},3TPZPLC3M207SI2C236X8ZX4VD3P3W,AssignmentReturned
409,2019-09-27 18:17:41.68957,,,,,,f,,{},3TPZPLC3M207SI2C236X8ZX4VD3P3W,AssignmentAccepted
410,2019-09-27 18:17:41.730354,,,,,,f,,{},34S9DKFK75D850NNB9MVU4OM4Z0NY7,AssignmentAccepted
411,2019-09-27 18:19:09.372392,,,,,,f,,{},3GDTJDAPVWZN8CB5M491ICBK6UK8MB,AssignmentReturned
412,2019-09-27 18:19:42.210049,,,,,,f,,{},3K9FOBBF2J7O51GOSUX50WMQVJFNLW,AssignmentSubmitted
413,2019-09-27 18:19:43.807043,,,,,,f,,{},39LOEL67OUTMMQ3VGM4MMD2E63838V,AssignmentAccepted
414,2019-09-27 18:19:43.980419,,,,,,f,,{},31Q0U3WYDR3MC9KXJDYXKKRMXZO17E,AssignmentAccepted
415,2019-09-27 18:19:44.681353,,,,,,f,,{},3S96KQ6I9OS322XGC9LTQIKDBTHTD7,AssignmentAccepted
416,2019-09-27 18:19:44.719932,,,,,,f,,{},3WJ1OXY92C4M6B2GP1JW9LGKCD08AW,AssignmentAccepted
417,2019-09-27 18:19:44.740725,,,,,,f,,{},3ND9UOO81MQESVP2KVOSWFZHOW1WLG,AssignmentAccepted
418,2019-09-27 18:19:47.535328,,,,,,f,,{},3VNL7UK1XH700MBC3FGJEINYN6XTFI,AssignmentAccepted
419,2019-09-27 18:19:47.550828,,,,,,f,,{},3O6CYIULEFPHBLCWT9GTN2V01MOUW0,AssignmentAccepted
420,2019-09-27 18:19:47.550157,,,,,,f,,{},32ZKVD547HB5OO12JYOWDFSFE9TB32,AssignmentAccepted
421,2019-09-27 18:19:47.58204,,,,,,f,,{},3O6CYIULEFPHBLCWT9GTN2V01MOUW0,AssignmentReturned
422,2019-09-27 18:19:50.092235,,,,,,f,,{},3GFK2QRXXB50Q6MHS88LFQ3K2625W2,AssignmentAccepted
423,2019-09-27 18:19:54.020335,,,,,,f,,{},3H0W84IWBMQVETYO4FRIWL1GNKLREL,AssignmentAccepted
424,2019-09-27 18:19:54.055719,,,,,,f,,{},3IAS3U3I0H4G365JFYARU5NN8VTB2R,AssignmentAccepted
425,2019-09-27 18:20:10.552174,,,,,,f,,{},3NAPMVF0ZY3T1U2T2HYBP31RP52721,AssignmentAccepted
426,2019-09-27 18:21:40.676307,,,,,,f,,{},3O6CYIULEFPHBLCWT9GTN2V01MOUW0,AssignmentReturned
427,2019-09-27 18:22:13.408274,,,,,,f,,{},39GHHAVOMHFWO3II746WL83Y0EZ4J2,AssignmentAccepted
428,2019-09-27 18:22:45.952137,,,,,,f,,{},3S96KQ6I9OS322XGC9LTQIKDBTHTD7,AssignmentReturned
429,2019-09-27 18:22:56.198078,,,,,,f,,{},3S96KQ6I9OS322XGC9LTQIKDBTHTD7,AssignmentAccepted
430,2019-09-27 18:23:07.15905,,,,,,f,,{},39GHHAVOMHFWO3II746WL83Y0EZ4J2,AssignmentReturned
431,2019-09-27 18:23:31.10957,,,,,,f,,{},32ZKVD547HB5OO12JYOWDFSFE9TB32,AssignmentSubmitted
432,2019-09-27 18:23:48.567607,,,,,,f,,{},3YZ8UPK3VVA8XN6RCIGSB8OX962CU5,AssignmentAbandoned
433,2019-09-27 18:23:49.916861,,,,,,f,,{},3YZ8UPK3VVA8XN6RCIGSB8OX962CU5,AssignmentAccepted
434,2019-09-27 18:24:05.19974,,,,,,f,,{},3QIYRE09Y55BFUCKZKFMGHDCXEV1NR,AssignmentAccepted
435,2019-09-27 18:24:39.943868,,,,,,f,,{},3ND9UOO81MQESVP2KVOSWFZHOW1WLG,AssignmentSubmitted
436,2019-09-27 18:26:02.900712,,,,,,f,,{},3GFK2QRXXB50Q6MHS88LFQ3K2625W2,AssignmentSubmitted
437,2019-09-27 18:26:13.953379,,,,,,f,,{},3YZ8UPK3VVA8XN6RCIGSB8OX962CU5,AssignmentReturned
438,2019-09-27 18:26:56.575123,,,,,,f,,{},3MHW492WW21LJO7IUXKBAQVSHSTMV2,AssignmentAccepted
439,2019-09-27 18:28:29.319275,,,,,,f,,{},3NAPMVF0ZY3T1U2T2HYBP31RP52721,AssignmentReturned
440,2019-09-27 18:29:07.030965,,,,,,f,,{},31Q0U3WYDR3MC9KXJDYXKKRMXZO17E,AssignmentSubmitted
441,2019-09-27 18:29:12.426855,,,,,,f,,{},3RRCEFRB7O0Q6KK6JCTFNKKLS9TB4R,AssignmentAccepted
442,2019-09-27 18:29:49.252646,,,,,,f,,{},3MHW492WW21LJO7IUXKBAQVSHSTMV2,AssignmentReturned
443,2019-09-27 18:30:33.249399,,,,,,f,,{},3IRIK4HM3C8NVCGQG0IPV2AH6L06CF,AssignmentAccepted
444,2019-09-27 18:31:13.962566,,,,,,f,,{},3RRCEFRB7O0Q6KK6JCTFNKKLS9TB4R,AssignmentReturned
445,2019-09-27 18:31:20.65752,,,,,,f,,{},3B3WTRP3DDQXFDQMHEWV3ZSXKVK929,AssignmentReturned
446,2019-09-27 18:31:48.116072,,,,,,f,,{},3B3WTRP3DDQXFDQMHEWV3ZSXKVK929,AssignmentAccepted
447,2019-09-27 18:31:51.141708,,,,,,f,,{},3RRCEFRB7O0Q6KK6JCTFNKKLS9TB4R,AssignmentAccepted
448,2019-09-27 18:32:46.379294,,,,,,f,,{},3IAS3U3I0H4G365JFYARU5NN8VTB2R,AssignmentSubmitted
449,2019-09-27 18:33:35.243731,,,,,,f,,{},3WJ1OXY92C4M6B2GP1JW9LGKCD08AW,AssignmentSubmitted
450,2019-09-27 18:34:26.811149,,,,,,f,,{},34S9DKFK75D850NNB9MVU4OM4Z0NY7,AssignmentReturned
451,2019-09-27 18:34:26.830231,,,,,,f,,{},34S9DKFK75D850NNB9MVU4OM4Z0NY7,AssignmentAccepted
452,2019-09-27 18:36:25.820949,,,,,,f,,{},36U2A8VAG3N7XU2KEWUF2C7IA3NYK3,AssignmentReturned
453,2019-09-27 18:36:46.53435,,,,,,f,,{},36U2A8VAG3N7XU2KEWUF2C7IA3NYK3,AssignmentAccepted
454,2019-09-27 18:37:35.13829,,,,,,f,,{},3H0W84IWBMQVETYO4FRIWL1GNKLREL,AssignmentSubmitted
455,2019-09-27 18:37:52.95015,,,,,,f,,{},3VNL7UK1XH700MBC3FGJEINYN6XTFI,AssignmentSubmitted
456,2019-09-27 18:37:58.235867,,,,,,f,,{},3L4D84MIL1GQ0F6DMBQFFXC25H5HJH,AssignmentAbandoned
457,2019-09-27 18:38:31.836443,,,,,,f,,{},3M81GAB8A27XVP74H90SQNLQO1FBQD,AssignmentAccepted
458,2019-09-27 18:40:00.165441,,,,,,f,,{},3B3WTRP3DDQXFDQMHEWV3ZSXKVK929,AssignmentReturned
459,2019-09-27 18:40:00.175014,,,,,,f,,{},34PGFRQONQZ8X512HACFG0MPK6EWJU,AssignmentAbandoned
460,2019-09-27 18:40:33.745865,,,,,,f,,{},3B3WTRP3DDQXFDQMHEWV3ZSXKVK929,AssignmentAccepted
461,2019-09-27 18:40:44.246352,,,,,,f,,{},3QJOXOW4XLF4HDLWZ7V1AM76HXWEMU,AssignmentAccepted
462,2019-09-27 18:42:08.696941,,,,,,f,,{},3TPZPLC3M207SI2C236X8ZX4VD3P3W,AssignmentAbandoned
463,2019-09-27 18:42:15.843153,,,,,,f,,{},3TPZPLC3M207SI2C236X8ZX4VD3P3W,AssignmentAccepted
464,2019-09-27 18:43:58.738555,,,,,,f,,{},39LOEL67OUTMMQ3VGM4MMD2E63838V,AssignmentAbandoned
465,2019-09-27 18:44:37.266997,,,,,,f,,{},33NF62TLXLQH257LSWTCSPSUX0ZKJI,AssignmentAccepted
466,2019-09-27 18:45:17.667577,,,,,,f,,{},3M81GAB8A27XVP74H90SQNLQO1FBQD,AssignmentReturned
467,2019-09-27 18:46:03.834655,,,,,,f,,{},3R5F3LQFV48QSBX48AORN0XT03MOZR,AssignmentAccepted
468,2019-09-27 18:47:00.202658,,,,,,f,,{},3S96KQ6I9OS322XGC9LTQIKDBTHTD7,AssignmentAbandoned
469,2019-09-27 18:47:19.301067,,,,,,f,,{},3S96KQ6I9OS322XGC9LTQIKDBTHTD7,AssignmentAccepted
470,2019-09-27 18:48:10.779692,,,,,,f,,{},3QIYRE09Y55BFUCKZKFMGHDCXEV1NR,AssignmentAbandoned
471,2019-09-27 18:48:47.072396,,,,,,f,,{},3Z7VU45IP055WJQ328QGB4KL7SE1ZJ,AssignmentAccepted
472,2019-09-27 18:50:04.95065,,,,,,f,,{},3B3WTRP3DDQXFDQMHEWV3ZSXKVK929,AssignmentReturned
476,2019-09-27 18:52:12.251696,,,,,,f,,{},33NF62TLXLQH257LSWTCSPSUX0ZKJI,AssignmentReturned
479,2019-09-27 18:53:25.928656,,,,,,f,,{},3B3WTRP3DDQXFDQMHEWV3ZSXKVK929,AssignmentReturned
482,2019-09-27 18:54:53.332476,,,,,,f,,{},3IRIK4HM3C8NVCGQG0IPV2AH6L06CF,AssignmentAccepted
485,2019-09-27 18:55:39.533745,,,,,,f,,{},3Z4AIRP3C81GROQO1Q2VEJ4AZSIX1K,AssignmentReturned
488,2019-09-27 18:57:19.363021,,,,,,f,,{},3Z4AIRP3C81GROQO1Q2VEJ4AZSIX1K,AssignmentReturned
491,2019-09-27 18:57:46.222112,,,,,,f,,{},33NF62TLXLQH257LSWTCSPSUX0ZKJI,AssignmentAccepted
494,2019-09-27 18:58:29.711714,,,,,,f,,{},34S9DKFK75D850NNB9MVU4OM4Z0NY7,AssignmentAbandoned
497,2019-09-27 18:58:34.94698,,,,,,f,,{},34S9DKFK75D850NNB9MVU4OM4Z0NY7,AssignmentAccepted
473,2019-09-27 18:50:04.984539,,,,,,f,,{},3B3WTRP3DDQXFDQMHEWV3ZSXKVK929,AssignmentAccepted
475,2019-09-27 18:52:10.209553,,,,,,f,,{},36U2A8VAG3N7XU2KEWUF2C7IA3NYK3,AssignmentReturned
478,2019-09-27 18:53:00.290001,,,,,,f,,{},36U2A8VAG3N7XU2KEWUF2C7IA3NYK3,AssignmentAccepted
481,2019-09-27 18:54:39.736187,,,,,,f,,{},3IRIK4HM3C8NVCGQG0IPV2AH6L06CF,AssignmentAbandoned
484,2019-09-27 18:55:26.186859,,,,,,f,,{},3Z4AIRP3C81GROQO1Q2VEJ4AZSIX1K,AssignmentAccepted
487,2019-09-27 18:55:56.353085,,,,,,f,,{},3RRCEFRB7O0Q6KK6JCTFNKKLS9TB4R,AssignmentAbandoned
490,2019-09-27 18:57:38.271554,,,,,,f,,{},3R08VXYT7EJFDA00G1NIDAHGTCDW7O,AssignmentAccepted
493,2019-09-27 18:58:17.775479,,,,,,f,,{},3NS0A6KXC6W20YG6KRBJIROR9HZGZ0,AssignmentReturned
496,2019-09-27 18:58:34.919724,,,,,,f,,{},3R5F3LQFV48QSBX48AORN0XT03MOZR,AssignmentAccepted
474,2019-09-27 18:51:59.546968,,,,,,f,,{},3S96KQ6I9OS322XGC9LTQIKDBTHTD7,AssignmentSubmitted
477,2019-09-27 18:52:12.414865,,,,,,f,,{},33NF62TLXLQH257LSWTCSPSUX0ZKJI,AssignmentAccepted
480,2019-09-27 18:54:21.92875,,,,,,f,,{},3Z7VU45IP055WJQ328QGB4KL7SE1ZJ,AssignmentReturned
483,2019-09-27 18:55:05.547742,,,,,,f,,{},3NS0A6KXC6W20YG6KRBJIROR9HZGZ0,AssignmentAccepted
486,2019-09-27 18:55:55.72254,,,,,,f,,{},3Z4AIRP3C81GROQO1Q2VEJ4AZSIX1K,AssignmentAccepted
489,2019-09-27 18:57:22.884354,,,,,,f,,{},33NF62TLXLQH257LSWTCSPSUX0ZKJI,AssignmentReturned
492,2019-09-27 18:57:49.254,,,,,,f,,{},3Z4AIRP3C81GROQO1Q2VEJ4AZSIX1K,AssignmentAccepted
495,2019-09-27 18:58:29.76775,,,,,,f,,{},3R5F3LQFV48QSBX48AORN0XT03MOZR,AssignmentReturned
498,2019-09-27 18:58:38.638101,,,,,,f,,{},3NS0A6KXC6W20YG6KRBJIROR9HZGZ0,AssignmentAccepted
499,2019-09-27 19:02:59.117824,,,,,,f,,{},3Z4AIRP3C81GROQO1Q2VEJ4AZSIX1K,AssignmentReturned
500,2019-09-27 19:02:59.158937,,,,,,f,,{},3Z4AIRP3C81GROQO1Q2VEJ4AZSIX1K,AssignmentAccepted
501,2019-09-27 19:03:08.047731,,,,,,f,,{},3IRIK4HM3C8NVCGQG0IPV2AH6L06CF,AssignmentReturned
502,2019-09-27 19:03:28.360961,,,,,,f,,{},3IRIK4HM3C8NVCGQG0IPV2AH6L06CF,AssignmentAccepted
503,2019-09-27 19:04:50.71635,,,,,,f,,{},3QJOXOW4XLF4HDLWZ7V1AM76HXWEMU,AssignmentAbandoned
504,2019-09-27 19:05:01.335959,,,,,,f,,{},3QJOXOW4XLF4HDLWZ7V1AM76HXWEMU,AssignmentAccepted
505,2019-09-27 19:05:17.201143,,,,,,f,,{},33NF62TLXLQH257LSWTCSPSUX0ZKJI,AssignmentReturned
506,2019-09-27 19:05:17.278387,,,,,,f,,{},33NF62TLXLQH257LSWTCSPSUX0ZKJI,AssignmentAccepted
507,2019-09-27 19:05:21.362104,,,,,,f,,{},3Z4AIRP3C81GROQO1Q2VEJ4AZSIX1K,AssignmentReturned
508,2019-09-27 19:05:32.763684,,,,,,f,,{},3R5F3LQFV48QSBX48AORN0XT03MOZR,AssignmentReturned
509,2019-09-27 19:06:06.004945,,,,,,f,,{},3DI28L7YXC27LOZ76LC3QUJ3JMC1EK,AssignmentAccepted
510,2019-09-27 19:06:18.703629,,,,,,f,,{},3CCZ6YKWR97PEA99ZXYT16V9451950,AssignmentAccepted
511,2019-09-27 19:06:36.136167,,,,,,f,,{},3TPZPLC3M207SI2C236X8ZX4VD3P3W,AssignmentAbandoned
512,2019-09-27 19:07:16.426388,,,,,,f,,{},3SITXWYCNXXH4M8G3NVKKVHJL4EXB8,AssignmentAccepted
513,2019-09-27 19:08:16.378349,,,,,,f,,{},3CCZ6YKWR97PEA99ZXYT16V9451950,AssignmentReturned
514,2019-09-27 19:08:43.682174,,,,,,f,,{},3CCZ6YKWR97PEA99ZXYT16V9451950,AssignmentAccepted
515,2019-09-27 19:09:06.201091,,,,,,f,,{},3IRIK4HM3C8NVCGQG0IPV2AH6L06CF,AssignmentReturned
516,2019-09-27 19:09:11.944977,,,,,,f,,{},3CCZ6YKWR97PEA99ZXYT16V9451950,AssignmentReturned
517,2019-09-27 19:09:23.062005,,,,,,f,,{},3DI28L7YXC27LOZ76LC3QUJ3JMC1EK,AssignmentReturned
518,2019-09-27 19:09:31.780875,,,,,,f,,{},33NF62TLXLQH257LSWTCSPSUX0ZKJI,AssignmentSubmitted
519,2019-09-27 19:09:42.418721,,,,,,f,,{},3TU5ZICBRFPETR9XEXGIZLVPGV7Q86,AssignmentAccepted
520,2019-09-27 19:09:43.342347,,,,,,f,,{},3SITXWYCNXXH4M8G3NVKKVHJL4EXB8,AssignmentReturned
521,2019-09-27 19:09:44.063871,,,,,,f,,{},3DI28L7YXC27LOZ76LC3QUJ3JMC1EK,AssignmentAccepted
522,2019-09-27 19:10:00.732305,,,,,,f,,{},374TNBHA8DJT8X0FR1ECYYJR9AAQYK,AssignmentAccepted
523,2019-09-27 19:10:07.796774,,,,,,f,,{},34QN5IT0T1FQ5Y4YXZM3KF473RA08J,AssignmentAccepted
524,2019-09-27 19:10:19.041983,,,,,,f,,{},3G5F9DBFORLZRA67304YILNW06CVHK,AssignmentAccepted
525,2019-09-27 19:10:19.092088,,,,,,f,,{},3R08VXYT7EJFDA00G1NIDAHGTCDW7O,AssignmentReturned
526,2019-09-27 19:10:36.561259,,,,,,f,,{},3R08VXYT7EJFDA00G1NIDAHGTCDW7O,AssignmentAccepted
527,2019-09-27 19:11:19.184151,,,,,,f,,{},36U2A8VAG3N7XU2KEWUF2C7IA3NYK3,AssignmentReturned
528,2019-09-27 19:11:26.378007,,,,,,f,,{},36U2A8VAG3N7XU2KEWUF2C7IA3NYK3,AssignmentAccepted
529,2019-09-27 19:12:04.769282,,,,,,f,,{},36U2A8VAG3N7XU2KEWUF2C7IA3NYK3,AssignmentReturned
530,2019-09-27 19:12:32.058943,,,,,,f,,{},3R08VXYT7EJFDA00G1NIDAHGTCDW7O,AssignmentReturned
531,2019-09-27 19:12:46.659093,,,,,,f,,{},37UEWGM5HVWWUS4CSRW3P1IMYB4R1P,AssignmentAccepted
532,2019-09-27 19:12:59.549171,,,,,,f,,{},333U7HK6IB39OZ1B0F7POCX4DREDJA,AssignmentAccepted
533,2019-09-27 19:13:55.150138,,,,,,f,,{},3G5F9DBFORLZRA67304YILNW06CVHK,AssignmentReturned
534,2019-09-27 19:14:29.055975,,,,,,f,,{},3NLZY2D53RD98YTG8MPM4QHV0V8QLU,AssignmentAccepted
535,2019-09-27 19:15:21.092909,,,,,,f,,{},37UEWGM5HVWWUS4CSRW3P1IMYB4R1P,AssignmentReturned
536,2019-09-27 19:15:21.093915,,,,,,f,,{},37UEWGM5HVWWUS4CSRW3P1IMYB4R1P,AssignmentAccepted
537,2019-09-27 19:15:26.328262,,,,,,f,,{},374TNBHA8DJT8X0FR1ECYYJR9AAQYK,AssignmentReturned
538,2019-09-27 19:16:34.043287,,,,,,f,,{},3QILPRALQ7JTQUW5Y5O1VR0KBKNN8J,AssignmentAccepted
539,2019-09-27 19:17:04.355979,,,,,,f,,{},3QILPRALQ7JTQUW5Y5O1VR0KBKNN8J,AssignmentReturned
540,2019-09-27 19:17:17.423347,,,,,,f,,{},3TU5ZICBRFPETR9XEXGIZLVPGV7Q86,AssignmentSubmitted
541,2019-09-27 19:17:29.085059,,,,,,f,,{},3D3VGR7TA23S4VIRFVAMDUXJWVKR3J,AssignmentAccepted
542,2019-09-27 19:17:58.687077,,,,,,f,,{},3U84XHCDIE1MOINMPQ9I92ROJCZZ45,AssignmentAccepted
543,2019-09-27 19:19:01.232295,,,,,,f,,{},3U84XHCDIE1MOINMPQ9I92ROJCZZ45,AssignmentReturned
544,2019-09-27 19:20:04.016104,,,,,,f,,{},3KWTYT0872RKFCAIOU1J6FM44ZO5LZ,AssignmentAccepted
545,2019-09-27 19:20:05.442549,,,,,,f,,{},34QN5IT0T1FQ5Y4YXZM3KF473RA08J,AssignmentReturned
546,2019-09-27 19:20:54.960497,,,,,,f,,{},34YB12FSQ0C21RHN52LPAPSIUDSMG0,AssignmentAccepted
547,2019-09-27 19:21:40.308613,,,,,,f,,{},3D3VGR7TA23S4VIRFVAMDUXJWVKR3J,AssignmentSubmitted
548,2019-09-27 19:21:43.824021,,,,,,f,,{},3FIUS151DXQ29HL1UZNUXK8LYRGGGM,AssignmentAccepted
549,2019-09-27 19:21:44.860192,,,,,,f,,{},3JZQSN0I3SYWVHP6JFHCFZ89XCGGFN,AssignmentAccepted
550,2019-09-27 19:21:45.150836,,,,,,f,,{},3WMOAN2SRDLR16SI6YZBN5KSMIQNVQ,AssignmentAccepted
551,2019-09-27 19:21:45.285021,,,,,,f,,{},3WSELTNVR5Q54VU4SZUR0HC7QQBATD,AssignmentAccepted
552,2019-09-27 19:21:45.34231,,,,,,f,,{},379J5II41Q4KBV3BZVUMA9SHHSNLEG,AssignmentAccepted
553,2019-09-27 19:21:45.348318,,,,,,f,,{},3G5W44VEU967B3HKKQ89VC0E58XGKP,AssignmentAccepted
554,2019-09-27 19:21:50.38546,,,,,,f,,{},3MRNMEIQW7UFJPPB30J24RAWHGMLDN,AssignmentAccepted
555,2019-09-27 19:21:50.425184,,,,,,f,,{},3L70J4KAZIAYN6Y769UCVDULN4NDAX,AssignmentAccepted
556,2019-09-27 19:21:50.620695,,,,,,f,,{},3TR2532VIRIA3QMWQSZBI6NCW5UJ6R,AssignmentAccepted
557,2019-09-27 19:21:59.257899,,,,,,f,,{},3LEP4MGT3IO36G3ZCNU8QOER5M8DBS,AssignmentAccepted
558,2019-09-27 19:22:19.458027,,,,,,f,,{},34YB12FSQ0C21RHN52LPAPSIUDSMG0,AssignmentReturned
559,2019-09-27 19:22:39.647478,,,,,,f,,{},3NS0A6KXC6W20YG6KRBJIROR9HZGZ0,AssignmentAccepted
560,2019-09-27 19:22:39.668649,,,,,,f,,{},3NS0A6KXC6W20YG6KRBJIROR9HZGZ0,AssignmentAbandoned
561,2019-09-27 19:22:46.025539,,,,,,f,,{},34YB12FSQ0C21RHN52LPAPSIUDSMG0,AssignmentAccepted
562,2019-09-27 19:23:04.492361,,,,,,f,,{},34S9DKFK75D850NNB9MVU4OM4Z0NY7,AssignmentAbandoned
563,2019-09-27 19:23:44.359303,,,,,,f,,{},3YT88D1N0AM6HR5WPB1PCIB513TK3M,AssignmentAccepted
565,2019-09-27 19:24:05.947024,,,,,,f,,{},3HSYG7LRBLMCDPD3AHTOT4S7CPFKKX,AssignmentAccepted
564,2019-09-27 19:23:59.639217,,,,,,f,,{},3LEP4MGT3IO36G3ZCNU8QOER5M8DBS,AssignmentSubmitted
566,2019-09-27 19:24:29.565878,,,,,,f,,"{""feedback"": ""Hit just redirected to this page, couldn't do the hit beyond the accept button."", ""error_text"": ""There has been an error and so you are unable to continue, sorry!"", ""error_type"": ""default"", ""request_data"": {""data"": ""{}"", ""route"": ""/node/66"", ""hit_id"": ""39HYCOOPKP9X2N92DAEFGKUXMGRMDI"", ""method"": ""post"", ""worker_id"": ""A1FNNL4YJGBU8U"", ""participant_id"": null}}",3L70J4KAZIAYN6Y769UCVDULN4NDAX,ExperimentError
568,2019-09-27 19:25:38.233109,,,,,,f,,{},3QJOXOW4XLF4HDLWZ7V1AM76HXWEMU,AssignmentReturned
571,2019-09-27 19:26:59.420922,,,,,,f,,{},3TR2532VIRIA3QMWQSZBI6NCW5UJ6R,AssignmentSubmitted
575,2019-09-27 19:27:42.574194,,,,,,f,,{},3JZQSN0I3SYWVHP6JFHCFZ89XCGGFN,AssignmentReturned
578,2019-09-27 19:28:26.877804,,,,,,f,,{},3KGTPGBS6Z9VZ5EPFPRMZVFBXGSU2J,AssignmentReturned
581,2019-09-27 19:28:52.041825,,,,,,f,,{},34YB12FSQ0C21RHN52LPAPSIUDSMG0,AssignmentAccepted
584,2019-09-27 19:30:07.506527,,,,,,f,,{},34YB12FSQ0C21RHN52LPAPSIUDSMG0,AssignmentAccepted
587,2019-09-27 19:30:52.644399,,,,,,f,,{},3NS0A6KXC6W20YG6KRBJIROR9HZGZ0,AssignmentAccepted
590,2019-09-27 19:32:31.215278,,,,,,f,,{},3YT88D1N0AM6HR5WPB1PCIB513TK3M,AssignmentAccepted
593,2019-09-27 19:33:28.165847,,,,,,f,,{},34YB12FSQ0C21RHN52LPAPSIUDSMG0,AssignmentReturned
596,2019-09-27 19:34:02.479369,,,,,,f,,{},3DI28L7YXC27LOZ76LC3QUJ3JMC1EK,AssignmentAccepted
599,2019-09-27 19:35:09.582457,,,,,,f,,{},39GHHAVOMHFWO3II746WL83Y0FTJ4D,AssignmentAccepted
567,2019-09-27 19:24:39.315124,,,,,,f,,{},3WMOAN2SRDLR16SI6YZBN5KSMIQNVQ,AssignmentSubmitted
570,2019-09-27 19:26:44.40028,,,,,,f,,{},3L70J4KAZIAYN6Y769UCVDULN4NDAX,AssignmentReturned
573,2019-09-27 19:27:23.102797,,,,,,f,,{},3KWTYT0872RKFCAIOU1J6FM44ZO5LZ,AssignmentReturned
577,2019-09-27 19:28:18.349263,,,,,,f,,{},3JZQSN0I3SYWVHP6JFHCFZ89XCGGFN,AssignmentAccepted
580,2019-09-27 19:28:44.48164,,,,,,f,,{},3KGTPGBS6Z9VZ5EPFPRMZVFBXGSU2J,AssignmentAccepted
583,2019-09-27 19:30:01.128389,,,,,,f,,{},34YB12FSQ0C21RHN52LPAPSIUDSMG0,AssignmentReturned
586,2019-09-27 19:30:29.541893,,,,,,f,,{},3G5W44VEU967B3HKKQ89VC0E58XGKP,AssignmentReturned
589,2019-09-27 19:32:24.454541,,,,,,f,,{},3YT88D1N0AM6HR5WPB1PCIB513TK3M,AssignmentReturned
594,2019-09-27 19:33:28.234706,,,,,,f,,{},3YT88D1N0AM6HR5WPB1PCIB513TK3M,AssignmentAccepted
597,2019-09-27 19:34:27.418046,,,,,,f,,{},3AZHRG4CU68441YSLIR7TYWWN5O03X,AssignmentReturned
601,2019-09-27 19:35:12.743847,,,,,,f,,{},3L6L49WXW2LOH43XI222KYKTIEY54D,AssignmentReturned
569,2019-09-27 19:26:04.568148,,,,,,f,,{},3AZHRG4CU68441YSLIR7TYWWN5O03X,AssignmentAccepted
572,2019-09-27 19:27:06.599905,,,,,,f,,{},3L70J4KAZIAYN6Y769UCVDULN4NDAX,AssignmentAccepted
574,2019-09-27 19:27:24.755038,,,,,,f,,"{""feedback"": ""The form went from the directions to this error page."", ""error_text"": ""There has been an error and so you are unable to continue, sorry!"", ""error_type"": ""default"", ""request_data"": {""data"": ""{}"", ""route"": ""/node/68"", ""hit_id"": ""39HYCOOPKP9X2N92DAEFGKUXMGRMDI"", ""method"": ""post"", ""worker_id"": ""A1KFPQP25W18UC"", ""participant_id"": null}}",3JZQSN0I3SYWVHP6JFHCFZ89XCGGFN,ExperimentError
576,2019-09-27 19:28:03.068822,,,,,,f,,{},3KGTPGBS6Z9VZ5EPFPRMZVFBXGSU2J,AssignmentAccepted
579,2019-09-27 19:28:34.074738,,,,,,f,,{},34YB12FSQ0C21RHN52LPAPSIUDSMG0,AssignmentReturned
582,2019-09-27 19:29:53.485001,,,,,,f,,{},3WSELTNVR5Q54VU4SZUR0HC7QQBATD,AssignmentSubmitted
585,2019-09-27 19:30:29.543748,,,,,,f,,{},3G5W44VEU967B3HKKQ89VC0E58XGKP,AssignmentAccepted
588,2019-09-27 19:30:52.652486,,,,,,f,,{},3NS0A6KXC6W20YG6KRBJIROR9HZGZ0,AssignmentReturned
591,2019-09-27 19:32:35.22255,,,,,,f,,"{""feedback"": ""I read the initial instructions (about reading a news story and receiving a bonus based on the number of words in the article I'd be assigned to read) and clicked to continue with the survey."", ""error_text"": ""There has been an error and so you are unable to continue, sorry!"", ""error_type"": ""default"", ""request_data"": {""data"": ""{}"", ""route"": ""/node/70"", ""hit_id"": ""39HYCOOPKP9X2N92DAEFGKUXMGRMDI"", ""method"": ""post"", ""worker_id"": ""A4CHLWPHZIP7Y"", ""participant_id"": null}}",3FIUS151DXQ29HL1UZNUXK8LYRGGGM,ExperimentError
592,2019-09-27 19:32:49.52898,,,,,,f,,{},3YT88D1N0AM6HR5WPB1PCIB513TK3M,AssignmentReturned
595,2019-09-27 19:33:51.254119,,,,,,f,,{},3DI28L7YXC27LOZ76LC3QUJ3JMC1EK,AssignmentAbandoned
598,2019-09-27 19:34:46.407891,,,,,,f,,{},3L6L49WXW2LOH43XI222KYKTIEY54D,AssignmentAccepted
600,2019-09-27 19:35:12.749382,,,,,,f,,{},3L6L49WXW2LOH43XI222KYKTIEY54D,AssignmentAccepted
602,2019-09-27 19:36:02.589987,,,,,,f,,{},3HSYG7LRBLMCDPD3AHTOT4S7CPFKKX,AssignmentReturned
603,2019-09-27 19:36:12.826002,,,,,,f,,{},3HSYG7LRBLMCDPD3AHTOT4S7CPFKKX,AssignmentAccepted
604,2019-09-27 19:36:19.653688,,,,,,f,,{},39GHHAVOMHFWO3II746WL83Y0FTJ4D,AssignmentAccepted
605,2019-09-27 19:36:19.752848,,,,,,f,,{},39GHHAVOMHFWO3II746WL83Y0FTJ4D,AssignmentReturned
606,2019-09-27 19:36:37.341306,,,,,,f,,"{""feedback"": ""I click the link to read the story and this error message popped up."", ""error_text"": ""There has been an error and so you are unable to continue, sorry!"", ""error_type"": ""default"", ""request_data"": {""data"": ""{}"", ""route"": ""/node/71"", ""hit_id"": ""39HYCOOPKP9X2N92DAEFGKUXMGRMDI"", ""method"": ""post"", ""worker_id"": ""A1N7GHHBH8GMVZ"", ""participant_id"": null}}",3MRNMEIQW7UFJPPB30J24RAWHGMLDN,ExperimentError
607,2019-09-27 19:36:38.347732,,,,,,f,,{},3YT88D1N0AM6HR5WPB1PCIB513TK3M,AssignmentReturned
608,2019-09-27 19:37:06.554175,,,,,,f,,{},333U7HK6IB39OZ1B0F7POCX4DREDJA,AssignmentAbandoned
609,2019-09-27 19:37:07.091979,,,,,,f,,{},39GHHAVOMHFWO3II746WL83Y0FTJ4D,AssignmentReturned
610,2019-09-27 19:37:15.811576,,,,,,f,,{},333U7HK6IB39OZ1B0F7POCX4DREDJA,AssignmentAccepted
611,2019-09-27 19:37:22.585565,,,,,,f,,{},3L6L49WXW2LOH43XI222KYKTIEY54D,AssignmentReturned
612,2019-09-27 19:38:02.319874,,,,,,f,,{},3OE22WJIGKCCROGAH0HNVDDEDNAQUZ,AssignmentReturned
613,2019-09-27 19:38:02.426154,,,,,,f,,{},3WT783CTPD5T1OXLCRZX6IW9KN2BCY,AssignmentAccepted
614,2019-09-27 19:38:02.467841,,,,,,f,,{},3OE22WJIGKCCROGAH0HNVDDEDNAQUZ,AssignmentAccepted
615,2019-09-27 19:38:02.552676,,,,,,f,,{},3FIUS151DXQ29HL1UZNUXK8LYRGGGM,AssignmentReturned
616,2019-09-27 19:38:04.168887,,,,,,f,,{},3S96KQ6I9OS322XGC9LTQIKDBUETD6,AssignmentAccepted
617,2019-09-27 19:38:16.173126,,,,,,f,,{},3MRNMEIQW7UFJPPB30J24RAWHGMLDN,AssignmentReturned
618,2019-09-27 19:38:39.604091,,,,,,f,,{},3NLZY2D53RD98YTG8MPM4QHV0V8QLU,AssignmentAbandoned
619,2019-09-27 19:38:39.625074,,,,,,f,,{},3LKC68YZ3CRMYGSZXN4KOW3BJ23WOW,AssignmentAccepted
620,2019-09-27 19:38:54.379659,,,,,,f,,{},3B3WTRP3DDQXFDQMHEWV3ZSXKWN297,AssignmentAccepted
621,2019-09-27 19:38:56.564896,,,,,,f,,{},3UJ1CZ6IZJD7JP5883YKI10ZWU2S58,AssignmentAccepted
622,2019-09-27 19:39:25.400262,,,,,,f,,{},3G5W44VEU967B3HKKQ89VC0E58XGKP,AssignmentSubmitted
623,2019-09-27 19:39:25.684001,,,,,,f,,{},3WT783CTPD5T1OXLCRZX6IW9KN2BCY,AssignmentReturned
624,2019-09-27 19:39:25.79474,,,,,,f,,{},3WT783CTPD5T1OXLCRZX6IW9KN2BCY,AssignmentAccepted
625,2019-09-27 19:39:26.139667,,,,,,f,,{},33TIN5LC06YNGYJTAZ3QC3T2ZBI9YV,AssignmentAccepted
626,2019-09-27 19:39:30.452432,,,,,,f,,{},37UEWGM5HVWWUS4CSRW3P1IMYB4R1P,AssignmentAbandoned
627,2019-09-27 19:39:41.51936,,,,,,f,,{},3TDXMTX3CDIE8F2Q8AEB658CJRCI6N,AssignmentAccepted
628,2019-09-27 19:39:49.037337,,,,,,f,,{},37UEWGM5HVWWUS4CSRW3P1IMYB4R1P,AssignmentAccepted
629,2019-09-27 19:40:05.197208,,,,,,f,,{},3NS0A6KXC6W20YG6KRBJIROR9HZGZ0,AssignmentReturned
630,2019-09-27 19:40:17.65734,,,,,,f,,{},3NS0A6KXC6W20YG6KRBJIROR9HZGZ0,AssignmentAccepted
631,2019-09-27 19:40:24.002241,,,,,,f,,{},3S96KQ6I9OS322XGC9LTQIKDBUETD6,AssignmentReturned
632,2019-09-27 19:40:39.448855,,,,,,f,,{},33TIN5LC06YNGYJTAZ3QC3T2ZBI9YV,AssignmentReturned
633,2019-09-27 19:41:03.536242,,,,,,f,,{},33TIN5LC06YNGYJTAZ3QC3T2ZBI9YV,AssignmentAccepted
634,2019-09-27 19:41:25.073064,,,,,,f,,{},3GFK2QRXXB50Q6MHS88LFQ3K27ZW5S,AssignmentAccepted
635,2019-09-27 19:41:47.167371,,,,,,f,,{},3LKC68YZ3CRMYGSZXN4KOW3BJ23WOW,AssignmentAccepted
636,2019-09-27 19:41:47.263162,,,,,,f,,{},3LKC68YZ3CRMYGSZXN4KOW3BJ23WOW,AssignmentReturned
637,2019-09-27 19:44:34.761021,,,,,,f,,{},3TDXMTX3CDIE8F2Q8AEB658CJRCI6N,AssignmentSubmitted
638,2019-09-27 19:45:37.809924,,,,,,f,,{},3WT783CTPD5T1OXLCRZX6IW9KN2BCY,AssignmentReturned
639,2019-09-27 19:45:37.843998,,,,,,f,,{},3WT783CTPD5T1OXLCRZX6IW9KN2BCY,AssignmentAccepted
640,2019-09-27 19:46:04.753094,,,,,,f,,{},379J5II41Q4KBV3BZVUMA9SHHSNLEG,AssignmentAbandoned
641,2019-09-27 19:46:04.774211,,,,,,f,,{},379J5II41Q4KBV3BZVUMA9SHHSNLEG,AssignmentAccepted
642,2019-09-27 19:47:09.453781,,,,,,f,,{},3NS0A6KXC6W20YG6KRBJIROR9HZGZ0,AssignmentReturned
643,2019-09-27 19:47:18.190251,,,,,,f,,{},3WT783CTPD5T1OXLCRZX6IW9KN2BCY,AssignmentReturned
644,2019-09-27 19:47:37.579594,,,,,,f,,{},3NS0A6KXC6W20YG6KRBJIROR9HZGZ0,AssignmentAccepted
645,2019-09-27 19:48:03.46347,,,,,,f,,{},3EFVCAY5L5XX745KJ7W92KJ321UJ8P,AssignmentAccepted
646,2019-09-27 19:48:55.105648,,,,,,f,,{},3NS0A6KXC6W20YG6KRBJIROR9HZGZ0,AssignmentReturned
647,2019-09-27 19:49:25.00377,,,,,,f,,{},3RJSC4XJ12I7IGLWZ1F08VUG12O05Y,AssignmentAccepted
648,2019-09-27 19:50:36.99994,,,,,,f,,{},3HSYG7LRBLMCDPD3AHTOT4S7CPFKKX,AssignmentReturned
649,2019-09-27 19:51:11.076018,,,,,,f,,{},3B3WTRP3DDQXFDQMHEWV3ZSXKWN297,AssignmentSubmitted
650,2019-09-27 19:51:13.625337,,,,,,f,,{},3L70J4KAZIAYN6Y769UCVDULN4NDAX,AssignmentAbandoned
651,2019-09-27 19:51:20.453644,,,,,,f,,{},39ASUFLU6ZVFBPK0DEXAL3N4O28EX8,AssignmentAccepted
652,2019-09-27 19:51:28.440102,,,,,,f,,{},3L70J4KAZIAYN6Y769UCVDULN4NDAX,AssignmentAccepted
655,2019-09-27 19:52:01.634563,,,,,,f,,{},3ND9UOO81MQESVP2KVOSWFZHOX3WLK,AssignmentAccepted
658,2019-09-27 19:52:28.673176,,,,,,f,,{},3JZQSN0I3SYWVHP6JFHCFZ89XCGGFN,AssignmentAbandoned
661,2019-09-27 19:53:07.778211,,,,,,f,,{},3KGTPGBS6Z9VZ5EPFPRMZVFBXGSU2J,AssignmentAccepted
664,2019-09-27 19:54:10.354467,,,,,,f,,{},33TIN5LC06YNGYJTAZ3QC3T2ZBI9YV,AssignmentAccepted
667,2019-09-27 19:55:22.472948,,,,,,f,,{},333U7HK6IB39OZ1B0F7POCX4DREDJA,AssignmentReturned
670,2019-09-27 19:56:56.750375,,,,,,f,,{},3RJSC4XJ12I7IGLWZ1F08VUG12O05Y,AssignmentReturned
673,2019-09-27 19:57:19.260013,,,,,,f,,{},3KGTPGBS6Z9VZ5EPFPRMZVFBXGSU2J,AssignmentReturned
676,2019-09-27 19:58:15.623556,,,,,,f,,{},3DI28L7YXC27LOZ76LC3QUJ3JMC1EK,AssignmentAbandoned
679,2019-09-27 19:58:37.997497,,,,,,f,,{},3LKC68YZ3CRMYGSZXN4KOW3BJ23WOW,AssignmentAccepted
682,2019-09-27 20:00:36.962636,,,,,,f,,{},3JZQSN0I3SYWVHP6JFHCFZ89XCGGFN,AssignmentReturned
685,2019-09-27 20:01:41.173219,,,,,,f,,{},3Z9WI9EOZ1CLBZCV4WQRGCCFK9PHK6,AssignmentAccepted
688,2019-09-27 20:02:58.844257,,,,,,f,,{},3UJ1CZ6IZJD7JP5883YKI10ZWU2S58,AssignmentAbandoned
691,2019-09-27 20:03:47.468693,,,,,,f,,{},32KTQ2V7RF3NMHUFRWFFI86VQ1BM9P,AssignmentAccepted
694,2019-09-27 20:05:18.236601,,,,,,f,,{},3GNCZX450KB7C31XBIL7V7BA1O4APO,AssignmentReturned
697,2019-09-27 20:06:10.874348,,,,,,f,,{},3YMU66OBIPWG9DGCE55CIKKMDS9HG4,AssignmentReturned
700,2019-09-27 20:07:33.409572,,,,,,f,,{},3KGTPGBS6Z9VZ5EPFPRMZVFBXGSU2J,AssignmentReturned
703,2019-09-27 20:09:52.390143,,,,,,f,,{},3GFK2QRXXB50Q6MHS88LFQ3K27ZW5S,AssignmentReturned
706,2019-09-27 20:10:16.348315,,,,,,f,,{},32KTQ2V7RF3NMHUFRWFFI86VQ1BM9P,AssignmentAccepted
709,2019-09-27 20:11:25.350892,,,,,,f,,{},3PM8NZGV80448SA5M5SAFKCI752XQ9,AssignmentReturned
712,2019-09-27 20:12:59.301597,,,,,,f,,{},3XIQGXAUMEWU2A5QQ6J4FTVN2FD7XO,AssignmentAccepted
653,2019-09-27 19:51:28.458776,,,,,,f,,{},3ND9UOO81MQESVP2KVOSWFZHOX3WLK,AssignmentAccepted
656,2019-09-27 19:52:17.957867,,,,,,f,,{},3EFVCAY5L5XX745KJ7W92KJ321UJ8P,AssignmentReturned
659,2019-09-27 19:52:51.440601,,,,,,f,,{},3KGTPGBS6Z9VZ5EPFPRMZVFBXGSU2J,AssignmentAbandoned
662,2019-09-27 19:53:17.585486,,,,,,f,,{},3I3WADAZ9SSSLXDF1MHBYWQYZ55O5D,AssignmentAccepted
665,2019-09-27 19:54:26.726317,,,,,,f,,{},3XXU1SWE8OJ4OMXDUX6HG6A2TGRA0G,AssignmentAccepted
668,2019-09-27 19:55:22.51643,,,,,,f,,{},333U7HK6IB39OZ1B0F7POCX4DREDJA,AssignmentAccepted
671,2019-09-27 19:56:56.759087,,,,,,f,,{},3RJSC4XJ12I7IGLWZ1F08VUG12O05Y,AssignmentAccepted
674,2019-09-27 19:57:47.490161,,,,,,f,,{},3GNCZX450KB7C31XBIL7V7BA1O4APO,AssignmentAccepted
677,2019-09-27 19:58:18.406432,,,,,,f,,{},3ND9UOO81MQESVP2KVOSWFZHOX3WLK,AssignmentReturned
680,2019-09-27 19:58:40.300017,,,,,,f,,{},3ND9UOO81MQESVP2KVOSWFZHOX3WLK,AssignmentAccepted
683,2019-09-27 20:01:04.708927,,,,,,f,,{},3RJSC4XJ12I7IGLWZ1F08VUG12O05Y,AssignmentReturned
686,2019-09-27 20:02:00.762272,,,,,,f,,{},3RJSC4XJ12I7IGLWZ1F08VUG12O05Y,AssignmentReturned
689,2019-09-27 20:03:22.237161,,,,,,f,,{},32KTQ2V7RF3NMHUFRWFFI86VQ1BM9P,AssignmentReturned
692,2019-09-27 20:03:54.864617,,,,,,f,,{},37UEWGM5HVWWUS4CSRW3P1IMYB4R1P,AssignmentAbandoned
695,2019-09-27 20:05:27.838806,,,,,,f,,{},3GNCZX450KB7C31XBIL7V7BA1O4APO,AssignmentAccepted
698,2019-09-27 20:06:20.365206,,,,,,f,,{},3GFK2QRXXB50Q6MHS88LFQ3K27ZW5S,AssignmentAccepted
701,2019-09-27 20:07:57.021474,,,,,,f,,{},3U4J9857OGZNP72PLARMQW4VJCNB7H,AssignmentAccepted
704,2019-09-27 20:10:09.850157,,,,,,f,,{},32KTQ2V7RF3NMHUFRWFFI86VQ1BM9P,AssignmentReturned
707,2019-09-27 20:10:27.261632,,,,,,f,,{},3F0BG9B9MRBJ2FV0V256Y72W4L67YT,AssignmentAccepted
710,2019-09-27 20:11:47.255784,,,,,,f,,{},3PM8NZGV80448SA5M5SAFKCI752XQ9,AssignmentAccepted
713,2019-09-27 20:13:29.036404,,,,,,f,,{},3PM8NZGV80448SA5M5SAFKCI752XQ9,AssignmentReturned
654,2019-09-27 19:51:55.236695,,,,,,f,,{},3ND9UOO81MQESVP2KVOSWFZHOX3WLK,AssignmentReturned
657,2019-09-27 19:52:18.903665,,,,,,f,,{},3L70J4KAZIAYN6Y769UCVDULN4NDAX,AssignmentReturned
660,2019-09-27 19:52:54.018427,,,,,,f,,{},3JZQSN0I3SYWVHP6JFHCFZ89XCGGFN,AssignmentAccepted
663,2019-09-27 19:53:32.240975,,,,,,f,,{},33TIN5LC06YNGYJTAZ3QC3T2ZBI9YV,AssignmentReturned
666,2019-09-27 19:55:00.088366,,,,,,f,,{},3XXU1SWE8OJ4OMXDUX6HG6A2TGRA0G,AssignmentReturned
669,2019-09-27 19:56:26.245519,,,,,,f,,{},3LRLIPTPESX61C4HYQGZZQPB7EXKAW,AssignmentAccepted
672,2019-09-27 19:57:09.982261,,,,,,f,,{},3LRLIPTPESX61C4HYQGZZQPB7EXKAW,AssignmentReturned
675,2019-09-27 19:57:56.616022,,,,,,f,,{},3KGTPGBS6Z9VZ5EPFPRMZVFBXGSU2J,AssignmentAccepted
678,2019-09-27 19:58:28.568701,,,,,,f,,{},3LKC68YZ3CRMYGSZXN4KOW3BJ23WOW,AssignmentReturned
681,2019-09-27 19:58:46.312744,,,,,,f,,{},32KTQ2V7RF3NMHUFRWFFI86VQ1BM9P,AssignmentAccepted
684,2019-09-27 20:01:15.721859,,,,,,f,,{},3RJSC4XJ12I7IGLWZ1F08VUG12O05Y,AssignmentAccepted
687,2019-09-27 20:02:14.812364,,,,,,f,,{},3RJSC4XJ12I7IGLWZ1F08VUG12O05Y,AssignmentAccepted
690,2019-09-27 20:03:41.003184,,,,,,f,,{},3YMU66OBIPWG9DGCE55CIKKMDS9HG4,AssignmentAccepted
693,2019-09-27 20:04:21.259463,,,,,,f,,{},3URFVVM1676L5GH14W00M6PIIQ5UZ7,AssignmentAccepted
696,2019-09-27 20:05:36.353839,,,,,,f,,{},3GFK2QRXXB50Q6MHS88LFQ3K27ZW5S,AssignmentAbandoned
699,2019-09-27 20:07:08.526362,,,,,,f,,{},3PM8NZGV80448SA5M5SAFKCI752XQ9,AssignmentAccepted
702,2019-09-27 20:08:22.856409,,,,,,f,,{},3ND9UOO81MQESVP2KVOSWFZHOX3WLK,AssignmentSubmitted
705,2019-09-27 20:10:12.866079,,,,,,f,,{},379J5II41Q4KBV3BZVUMA9SHHSNLEG,AssignmentAbandoned
708,2019-09-27 20:10:41.915431,,,,,,f,,{},379J5II41Q4KBV3BZVUMA9SHHSNLEG,AssignmentAccepted
711,2019-09-27 20:12:03.840712,,,,,,f,,{},3Z9WI9EOZ1CLBZCV4WQRGCCFK9PHK6,AssignmentReturned
714,2019-09-27 20:14:18.241141,,,,,,f,,{},3A0EX8ZRNAC64RYQ8JHM39OSNBYBYK,AssignmentAccepted
715,2019-09-27 20:15:33.78799,,,,,,f,,{},39ASUFLU6ZVFBPK0DEXAL3N4O28EX8,AssignmentAbandoned
716,2019-09-27 20:16:23.535755,,,,,,f,,{},3DPNQGW4LN3K083BNLC7C4YTE9P64A,AssignmentAccepted
717,2019-09-27 20:16:55.960022,,,,,,f,,{},3I3WADAZ9SSSLXDF1MHBYWQYZ55O5D,AssignmentAbandoned
718,2019-09-27 20:17:02.722474,,,,,,f,,{},3U4J9857OGZNP72PLARMQW4VJCNB7H,AssignmentReturned
719,2019-09-27 20:17:31.990568,,,,,,f,,{},3GDTJDAPVWZN8CB5M491ICBK6V0M87,AssignmentAccepted
720,2019-09-27 20:17:32.272641,,,,,,f,,{},3U4J9857OGZNP72PLARMQW4VJCNB7H,AssignmentAccepted
721,2019-09-27 20:17:34.3478,,,,,,f,,"{""feedback"": ""I read the instructions about receiving a bonus for reading words and clicked next. It took me to this page."", ""error_text"": ""There has been an error and so you are unable to continue, sorry!"", ""error_type"": ""default"", ""request_data"": {""data"": ""{}"", ""route"": ""/node/78"", ""hit_id"": ""39HYCOOPKP9X2N92DAEFGKUXMGRMDI"", ""method"": ""post"", ""worker_id"": ""A3OV174HQJIJK8"", ""participant_id"": null}}",3XIQGXAUMEWU2A5QQ6J4FTVN2FD7XO,ExperimentError
722,2019-09-27 20:18:14.490802,,,,,,f,,{},33TIN5LC06YNGYJTAZ3QC3T2ZBI9YV,AssignmentAbandoned
723,2019-09-27 20:18:47.369994,,,,,,f,,{},379J5II41Q4KBV3BZVUMA9SHHSNLEG,AssignmentSubmitted
724,2019-09-27 20:18:52.155625,,,,,,f,,{},30JNVC0ORB87M2AQH1AOCYOOJFNQHD,AssignmentAccepted
725,2019-09-27 20:19:02.207163,,,,,,f,,{},333U7HK6IB39OZ1B0F7POCX4DREDJA,AssignmentAbandoned
726,2019-09-27 20:19:13.835558,,,,,,f,,"{""feedback"": """", ""error_text"": ""There has been an error and so you are unable to continue, sorry!"", ""error_type"": ""default"", ""request_data"": {""data"": ""{}"", ""route"": ""/node/79"", ""hit_id"": ""39HYCOOPKP9X2N92DAEFGKUXMGRMDI"", ""method"": ""post"", ""worker_id"": ""A1AB9P737HS4O2"", ""participant_id"": null}}",3LKC68YZ3CRMYGSZXN4KOW3BJ23WOW,ExperimentError
727,2019-09-27 20:19:28.465953,,,,,,f,,{},3LKC68YZ3CRMYGSZXN4KOW3BJ23WOW,AssignmentReturned
728,2019-09-27 20:19:45.383566,,,,,,f,,{},3LKC68YZ3CRMYGSZXN4KOW3BJ23WOW,AssignmentAccepted
729,2019-09-27 20:20:06.788293,,,,,,f,,{},3TMSXRD2X8O12OLYRL69C0Q3QR91WU,AssignmentAccepted
730,2019-09-27 20:21:14.571532,,,,,,f,,{},30JNVC0ORB87M2AQH1AOCYOOJFNQHD,AssignmentReturned
731,2019-09-27 20:21:44.697628,,,,,,f,,{},30JNVC0ORB87M2AQH1AOCYOOJFNQHD,AssignmentAccepted
732,2019-09-27 20:22:13.378493,,,,,,f,,{},32KTQ2V7RF3NMHUFRWFFI86VQ1BM9P,AssignmentAccepted
733,2019-09-27 20:22:13.40724,,,,,,f,,{},32KTQ2V7RF3NMHUFRWFFI86VQ1BM9P,AssignmentReturned
734,2019-09-27 20:22:42.996309,,,,,,f,,{},3GNCZX450KB7C31XBIL7V7BA1O4APO,AssignmentReturned
735,2019-09-27 20:23:08.568508,,,,,,f,,"{""feedback"": """", ""error_text"": ""There has been an error and so you are unable to continue, sorry!"", ""error_type"": ""already_started_exp_mturk"", ""request_data"": {""hit_id"": null, ""worker_id"": null, ""participant_id"": null}}",unknown,ExperimentError
736,2019-09-27 20:23:30.451739,,,,,,f,,"{""feedback"": ""I read the instructions about receiving a bonus for reading words and clicked next. It took me to this page."", ""error_text"": ""There has been an error and so you are unable to continue, sorry!"", ""error_type"": ""default"", ""request_data"": {""data"": ""{}"", ""route"": ""/node/78"", ""hit_id"": ""39HYCOOPKP9X2N92DAEFGKUXMGRMDI"", ""method"": ""post"", ""worker_id"": ""A3OV174HQJIJK8"", ""participant_id"": null}}",3XIQGXAUMEWU2A5QQ6J4FTVN2FD7XO,ExperimentError
737,2019-09-27 20:23:32.561515,,,,,,f,,{},3R6BYFZZP907H3KW8PHG3L8403ZFX3,AssignmentReturned
738,2019-09-27 20:23:32.614271,,,,,,f,,{},3R6BYFZZP907H3KW8PHG3L8403ZFX3,AssignmentAccepted
739,2019-09-27 20:23:47.326041,,,,,,f,,{},3R6BYFZZP907H3KW8PHG3L8403ZFX3,AssignmentAccepted
740,2019-09-27 20:24:02.64126,,,,,,f,,{},3XIQGXAUMEWU2A5QQ6J4FTVN2FD7XO,AssignmentReturned
741,2019-09-27 20:24:12.278528,,,,,,f,,{},30JNVC0ORB87M2AQH1AOCYOOJFNQHD,AssignmentReturned
742,2019-09-27 20:24:13.843405,,,,,,f,,"{""feedback"": ""I'm not sure, all I did was read the page about the bonus structure, clicked the next/continue button, and arrived at this error page."", ""error_text"": ""There has been an error and so you are unable to continue, sorry!"", ""error_type"": ""default"", ""request_data"": {""data"": ""{}"", ""route"": ""/node/80"", ""hit_id"": ""39HYCOOPKP9X2N92DAEFGKUXMGRMDI"", ""method"": ""post"", ""worker_id"": ""A3RR85PK3AV9TU"", ""participant_id"": null}}",3GDTJDAPVWZN8CB5M491ICBK6V0M87,ExperimentError
743,2019-09-27 20:24:29.670754,,,,,,f,,{},3XIQGXAUMEWU2A5QQ6J4FTVN2FD7XO,AssignmentAccepted
744,2019-09-27 20:24:31.141399,,,,,,f,,{},3GDTJDAPVWZN8CB5M491ICBK6V0M87,AssignmentAccepted
745,2019-09-27 20:24:31.2007,,,,,,f,,{},3GDTJDAPVWZN8CB5M491ICBK6V0M87,AssignmentReturned
746,2019-09-27 20:24:43.709903,,,,,,f,,{},32KTQ2V7RF3NMHUFRWFFI86VQ1BM9P,AssignmentReturned
747,2019-09-27 20:25:04.187841,,,,,,f,,{},3EICBYG646KZJ7VX0JCE46FMSSTJC9,AssignmentAccepted
748,2019-09-27 20:25:14.693607,,,,,,f,,{},32VNZTT0A9SDMR1VF9F5NZPPAW64R9,AssignmentAccepted
749,2019-09-27 20:25:14.732826,,,,,,f,,{},3XIQGXAUMEWU2A5QQ6J4FTVN2FD7XO,AssignmentReturned
750,2019-09-27 20:25:37.318711,,,,,,f,,{},3R6BYFZZP907H3KW8PHG3L8403ZFX3,AssignmentReturned
751,2019-09-27 20:25:42.033024,,,,,,f,,{},37XITHEISYXGHVEA8OLN6X1D29NCRU,AssignmentAccepted
752,2019-09-27 20:26:14.255022,,,,,,f,,{},3RJSC4XJ12I7IGLWZ1F08VUG12O05Y,AssignmentAbandoned
756,2019-09-27 20:27:20.077949,,,,,,f,,{},37XITHEISYXGHVEA8OLN6X1D29NCRU,AssignmentReturned
759,2019-09-27 20:28:19.621657,,,,,,f,,{},3TK8OJTYM39R4R4VMDC3RUPNMYFPVE,AssignmentAccepted
762,2019-09-27 20:28:54.909707,,,,,,f,,{},3TK8OJTYM39R4R4VMDC3RUPNMYFPVE,AssignmentReturned
766,2019-09-27 20:30:31.912674,,,,,,f,,{},3GDTJDAPVWZN8CB5M491ICBK6V0M87,AssignmentReturned
769,2019-09-27 20:31:23.174092,,,,,,f,,{},3XCC1ODXDNZKBWOTD6MIQ2QU6OOQRD,AssignmentAccepted
772,2019-09-27 20:32:48.658621,,,,,,f,,{},3MAOD8E57SYJ5VXD6D0TBQHD2UNNXK,AssignmentReturned
775,2019-09-27 20:34:17.561876,,,,,,f,,{},32VNZTT0A9SDMR1VF9F5NZPPAW64R9,AssignmentReturned
778,2019-09-27 20:34:52.087294,,,,,,f,,{},3OLF68YTNBPVLQC3XFP2JDX6ZIUAFY,AssignmentAccepted
781,2019-09-27 20:36:29.93223,,,,,,f,,{},3F0BG9B9MRBJ2FV0V256Y72W4L67YT,AssignmentReturned
784,2019-09-27 20:36:37.872164,,,,,,f,,{},3F0BG9B9MRBJ2FV0V256Y72W4L67YT,AssignmentAccepted
787,2019-09-27 20:37:19.588884,,,,,,f,,{},3DY4FPOOA3CCG4KAZ5GSWPP2NG7VRG,AssignmentAccepted
790,2019-09-27 20:38:07.650666,,,,,,f,,{},3LKC68YZ3CRMYGSZXN4KOW3BJ23WOW,AssignmentReturned
793,2019-09-27 20:38:54.844531,,,,,,f,,{},3A0EX8ZRNAC64RYQ8JHM39OSNBYBYK,AssignmentAccepted
797,2019-09-27 20:39:52.207314,,,,,,f,,{},3VFJCI1K41NTY7UFAAH6WOMS01IRGM,AssignmentReturned
800,2019-09-27 20:40:34.71202,,,,,,f,,{},39PAAFCODOOPWJX23ULNW4QKB16TVT,AssignmentAccepted
804,2019-09-27 20:43:55.334191,,,,,,f,,{},3TMSXRD2X8O12OLYRL69C0Q3QR91WU,AssignmentAbandoned
807,2019-09-27 20:44:05.3987,,,,,,f,,{},3OLF68YTNBPVLQC3XFP2JDX6ZIUAFY,AssignmentReturned
810,2019-09-27 20:45:05.968042,,,,,,f,,{},3R6BYFZZP907H3KW8PHG3L84039FXD,AssignmentReturned
813,2019-09-27 20:46:59.27079,,,,,,f,,{},33OOO72IVJ9TXAR2CDQI6C2VQULTCP,AssignmentReturned
816,2019-09-27 20:47:59.881603,,,,,,f,,{},33L7PJKHCIMRL71PV1AD4Q6C03A8T8,AssignmentAccepted
819,2019-09-27 20:48:56.329057,,,,,,f,,{},3KRVW3HTZP95RWQE02F6Z3BLIPLSMR,AssignmentAccepted
822,2019-09-27 20:50:11.454824,,,,,,f,,{},3AMYWKA6YDAO41DT65RGQ24YV04O6H,AssignmentReturned
825,2019-09-27 20:51:41.818731,,,,,,f,,{},3H0W84IWBMQVETYO4FRIWL1GNLDER2,AssignmentAccepted
828,2019-09-27 20:52:52.837713,,,,,,f,,{},3I3WADAZ9SSSLXDF1MHBYWQYZ5M5OB,AssignmentAccepted
831,2019-09-27 20:54:34.842141,,,,,,f,,{},3WETL7AQWVW3Z8KTIOXJATSN4E035O,AssignmentAccepted
834,2019-09-27 20:55:34.536022,,,,,,f,,{},3M23Y66PO4V32T5MDM8PA7EZSPAS6L,AssignmentAccepted
837,2019-09-27 20:56:00.321265,,,,,,f,,{},39JEC7537WP8A2VRH8QX7UQGNF9CVW,AssignmentAccepted
753,2019-09-27 20:26:20.809022,,,,,,f,,{},3TK8OJTYM39R4R4VMDC3RUPNMYFPVE,AssignmentAccepted
757,2019-09-27 20:28:14.014008,,,,,,f,,{},3NXNZ5RS1CL41ENSNQDQZQ95VCR79A,AssignmentAccepted
760,2019-09-27 20:28:35.418906,,,,,,f,,{},3URFVVM1676L5GH14W00M6PIIQ5UZ7,AssignmentAbandoned
764,2019-09-27 20:30:03.131102,,,,,,f,,{},33OOO72IVJ9TXAR2CDQI6C2VQULTCP,AssignmentAccepted
767,2019-09-27 20:30:36.116242,,,,,,f,,{},3GDTJDAPVWZN8CB5M491ICBK6V0M87,AssignmentAccepted
770,2019-09-27 20:31:28.235339,,,,,,f,,{},3U4J9857OGZNP72PLARMQW4VJCNB7H,AssignmentReturned
773,2019-09-27 20:32:54.864123,,,,,,f,,{},3MAOD8E57SYJ5VXD6D0TBQHD2UNNXK,AssignmentAccepted
776,2019-09-27 20:34:35.17791,,,,,,f,,{},3F0BG9B9MRBJ2FV0V256Y72W4L67YT,AssignmentAbandoned
779,2019-09-27 20:35:38.236021,,,,,,f,,{},3XCC1ODXDNZKBWOTD6MIQ2QU6OOQRD,AssignmentReturned
782,2019-09-27 20:36:32.792849,,,,,,f,,{},3NXNZ5RS1CL41ENSNQDQZQ95VCR79A,AssignmentAccepted
785,2019-09-27 20:36:51.024693,,,,,,f,,{},3VFJCI1K41NTY7UFAAH6WOMS01IRGM,AssignmentReturned
788,2019-09-27 20:37:25.748457,,,,,,f,,{},3F0BG9B9MRBJ2FV0V256Y72W4L67YT,AssignmentReturned
791,2019-09-27 20:38:17.010906,,,,,,f,,{},3I3WADAZ9SSSLXDF1MHBYWQYZ5M5OB,AssignmentAccepted
795,2019-09-27 20:39:30.145934,,,,,,f,,{},3DY4FPOOA3CCG4KAZ5GSWPP2NG7VRG,AssignmentReturned
798,2019-09-27 20:40:30.102183,,,,,,f,,{},3TMFV4NEPA2JDO5JQ6FORADB4XNW8H,AssignmentAccepted
802,2019-09-27 20:43:37.573099,,,,,,f,,{},3A0EX8ZRNAC64RYQ8JHM39OSNBYBYK,AssignmentReturned
805,2019-09-27 20:43:55.337416,,,,,,f,,{},3A0EX8ZRNAC64RYQ8JHM39OSNBYBYK,AssignmentAccepted
808,2019-09-27 20:44:46.555261,,,,,,f,,{},39JEC7537WP8A2VRH8QX7UQGNF9CVW,AssignmentAccepted
811,2019-09-27 20:46:20.345358,,,,,,f,,{},3SNLUL3WO6B10R0XPV9REREK3HFLUX,AssignmentAccepted
814,2019-09-27 20:47:49.363451,,,,,,f,,{},339ANSOTR7QL7UNFAE8CGODUKMFKID,AssignmentReturned
817,2019-09-27 20:48:22.804792,,,,,,f,,{},339ANSOTR7QL7UNFAE8CGODUKMFKID,AssignmentAccepted
820,2019-09-27 20:49:13.038261,,,,,,f,,{},3EICBYG646KZJ7VX0JCE46FMSSTJC9,AssignmentAbandoned
823,2019-09-27 20:50:30.747067,,,,,,f,,{},3AMYWKA6YDAO41DT65RGQ24YV04O6H,AssignmentAccepted
826,2019-09-27 20:52:25.976618,,,,,,f,,{},3WYGZ5XF3Y3A18QBFQ2QKQJHTKQKSE,AssignmentReturned
829,2019-09-27 20:53:26.374866,,,,,,f,,{},37UEWGM5HVWWUS4CSRW3P1IMYCAR1X,AssignmentAccepted
832,2019-09-27 20:54:58.320101,,,,,,f,,{},3GDTJDAPVWZN8CB5M491ICBK6V0M87,AssignmentAbandoned
835,2019-09-27 20:55:39.683029,,,,,,f,,{},33L7PJKHCIMRL71PV1AD4Q6C03A8T8,AssignmentReturned
838,2019-09-27 20:56:29.242427,,,,,,f,,{},3LO69W1SU51IV9Z25QKAACDTUA6LG5,AssignmentAccepted
754,2019-09-27 20:27:08.139666,,,,,,f,,{},3XCC1ODXDNZKBWOTD6MIQ2QU6OOQRD,AssignmentAccepted
758,2019-09-27 20:28:14.071479,,,,,,f,,{},3TK8OJTYM39R4R4VMDC3RUPNMYFPVE,AssignmentReturned
761,2019-09-27 20:28:35.595428,,,,,,f,,{},3DPNQGW4LN3K083BNLC7C4YTE9P64A,AssignmentSubmitted
765,2019-09-27 20:30:24.597417,,,,,,f,,{},3MAOD8E57SYJ5VXD6D0TBQHD2UNNXK,AssignmentAccepted
768,2019-09-27 20:30:42.403896,,,,,,f,,{},3XCC1ODXDNZKBWOTD6MIQ2QU6OOQRD,AssignmentReturned
771,2019-09-27 20:32:15.943556,,,,,,f,,{},339ANSOTR7QL7UNFAE8CGODUKMFKID,AssignmentAccepted
774,2019-09-27 20:33:42.426859,,,,,,f,,{},3MAOD8E57SYJ5VXD6D0TBQHD2UNNXK,AssignmentReturned
777,2019-09-27 20:34:52.069149,,,,,,f,,{},3F0BG9B9MRBJ2FV0V256Y72W4L67YT,AssignmentAccepted
780,2019-09-27 20:35:57.153795,,,,,,f,,{},3VFJCI1K41NTY7UFAAH6WOMS01IRGM,AssignmentAccepted
783,2019-09-27 20:36:32.858615,,,,,,f,,{},3NXNZ5RS1CL41ENSNQDQZQ95VCR79A,AssignmentReturned
786,2019-09-27 20:37:00.649705,,,,,,f,,{},3VFJCI1K41NTY7UFAAH6WOMS01IRGM,AssignmentAccepted
789,2019-09-27 20:38:07.627027,,,,,,f,,{},3LKC68YZ3CRMYGSZXN4KOW3BJ23WOW,AssignmentAccepted
792,2019-09-27 20:38:33.341389,,,,,,f,,{},3A0EX8ZRNAC64RYQ8JHM39OSNBYBYK,AssignmentAbandoned
796,2019-09-27 20:39:31.748797,,,,,,f,,{},3NXNZ5RS1CL41ENSNQDQZQ95VCR79A,AssignmentReturned
799,2019-09-27 20:40:30.948169,,,,,,f,,{},3P4RDNWND7UQWAHXST80F9DH5XJJIH,AssignmentAccepted
803,2019-09-27 20:43:55.30814,,,,,,f,,{},3A0EX8ZRNAC64RYQ8JHM39OSNBYBYK,AssignmentReturned
806,2019-09-27 20:43:56.426118,,,,,,f,,{},3A0EX8ZRNAC64RYQ8JHM39OSNBYBYK,AssignmentAccepted
809,2019-09-27 20:44:47.583142,,,,,,f,,{},3R6BYFZZP907H3KW8PHG3L84039FXD,AssignmentAccepted
812,2019-09-27 20:46:54.498263,,,,,,f,,{},3P4RDNWND7UQWAHXST80F9DH5XJJIH,AssignmentReturned
815,2019-09-27 20:47:51.042435,,,,,,f,,{},3WYGZ5XF3Y3A18QBFQ2QKQJHTKQKSE,AssignmentAccepted
818,2019-09-27 20:48:26.41182,,,,,,f,,{},39PAAFCODOOPWJX23ULNW4QKB16TVT,AssignmentReturned
821,2019-09-27 20:49:50.256176,,,,,,f,,{},3AMYWKA6YDAO41DT65RGQ24YV04O6H,AssignmentAccepted
824,2019-09-27 20:51:12.917897,,,,,,f,,{},3SNLUL3WO6B10R0XPV9REREK3HFLUX,AssignmentReturned
827,2019-09-27 20:52:45.264825,,,,,,f,,{},3I3WADAZ9SSSLXDF1MHBYWQYZ5M5OB,AssignmentReturned
830,2019-09-27 20:54:07.843606,,,,,,f,,{},37UEWGM5HVWWUS4CSRW3P1IMYCAR1X,AssignmentReturned
833,2019-09-27 20:55:30.799579,,,,,,f,,{},39JEC7537WP8A2VRH8QX7UQGNF9CVW,AssignmentReturned
836,2019-09-27 20:56:00.304719,,,,,,f,,{},3M23Y66PO4V32T5MDM8PA7EZSPAS6L,AssignmentReturned
755,2019-09-27 20:27:10.183725,,,,,,f,,"{""feedback"": ""I simply clicked the button to proceed after the introduction to the study, and was met with an error."", ""error_text"": ""There has been an error and so you are unable to continue, sorry!"", ""error_type"": ""default"", ""request_data"": {""data"": ""{}"", ""route"": ""/node/82"", ""hit_id"": ""39HYCOOPKP9X2N92DAEFGKUXMGRMDI"", ""method"": ""post"", ""worker_id"": ""A2BPXWBO2OSJRP"", ""participant_id"": null}}",37XITHEISYXGHVEA8OLN6X1D29NCRU,ExperimentError
763,2019-09-27 20:29:53.775113,,,,,,f,,"{""feedback"": ""I had just finished reading the instructions about how I would read a passage and earn a bonus of 1 cent per word. I clicked the \""next\"" button to move on to the study, and found myself here on the ERROR page."", ""error_text"": ""There has been an error and so you are unable to continue, sorry!"", ""error_type"": ""default"", ""request_data"": {""data"": ""{}"", ""route"": ""/node/83"", ""hit_id"": ""39HYCOOPKP9X2N92DAEFGKUXMGRMDI"", ""method"": ""post"", ""worker_id"": ""A1P3J34DH57JNB"", ""participant_id"": null}}",3GDTJDAPVWZN8CB5M491ICBK6V0M87,ExperimentError
794,2019-09-27 20:38:58.331522,,,,,,f,,"{""feedback"": ""I clicked 'next' to continue after reading the page describing the bonus structure of the HIT, and it took me to this error page."", ""error_text"": ""There has been an error and so you are unable to continue, sorry!"", ""error_type"": ""default"", ""request_data"": {""data"": ""{}"", ""route"": ""/node/85"", ""hit_id"": ""39HYCOOPKP9X2N92DAEFGKUXMGRMDI"", ""method"": ""post"", ""worker_id"": ""A1E3MR98PNWZBD"", ""participant_id"": null}}",3NXNZ5RS1CL41ENSNQDQZQ95VCR79A,ExperimentError
801,2019-09-27 20:40:58.190619,,,,,,f,,"{""feedback"": ""The message \""Error!\"" appeared after the consent page."", ""error_text"": ""There has been an error and so you are unable to continue, sorry!"", ""error_type"": ""default"", ""request_data"": {""data"": ""{}"", ""route"": ""/node/86"", ""hit_id"": ""39HYCOOPKP9X2N92DAEFGKUXMGRMDI"", ""method"": ""post"", ""worker_id"": ""A1198W1SPF1R4"", ""participant_id"": null}}",3LKC68YZ3CRMYGSZXN4KOW3BJ23WOW,ExperimentError
839,2019-09-27 20:56:44.994777,,,,,,f,,{},3TOK3KHVJV6781RYPFW8WG4UQCSO7M,AssignmentAccepted
840,2019-09-27 20:57:29.211829,,,,,,f,,{},3LO69W1SU51IV9Z25QKAACDTUA6LG5,AssignmentReturned
841,2019-09-27 20:57:58.523168,,,,,,f,,{},38SKSKU7R3LWR05XVEKDVOQ99NZILV,AssignmentAccepted
842,2019-09-27 20:58:11.413432,,,,,,f,,"{""feedback"": ""I consented to the experiment, clicked next after I read about the bonus breakdown, and this Error message popped up"", ""error_text"": ""There has been an error and so you are unable to continue, sorry!"", ""error_type"": ""default"", ""request_data"": {""data"": ""{}"", ""route"": ""/node/88"", ""hit_id"": ""39HYCOOPKP9X2N92DAEFGKUXMGRMDI"", ""method"": ""post"", ""worker_id"": ""A1NJTCHIZGQR2B"", ""participant_id"": null}}",3TOK3KHVJV6781RYPFW8WG4UQCSO7M,ExperimentError
843,2019-09-27 20:58:57.071499,,,,,,f,,{},3TOK3KHVJV6781RYPFW8WG4UQCSO7M,AssignmentReturned
844,2019-09-27 20:58:57.266991,,,,,,f,,{},39JEC7537WP8A2VRH8QX7UQGNF9CVW,AssignmentReturned
845,2019-09-27 20:59:25.271343,,,,,,f,,{},38SKSKU7R3LWR05XVEKDVOQ99NZILV,AssignmentReturned
846,2019-09-27 20:59:31.155968,,,,,,f,,{},3M1CVSFP62TSCF2CBV0WVC1K6LIAQ9,AssignmentAccepted
847,2019-09-27 20:59:34.465085,,,,,,f,,{},38SKSKU7R3LWR05XVEKDVOQ99NZILV,AssignmentAccepted
848,2019-09-27 20:59:48.722976,,,,,,f,,{},3KRVW3HTZP95RWQE02F6Z3BLIPLSMR,AssignmentReturned
849,2019-09-27 21:00:24.986591,,,,,,f,,{},3WJEQKOXAAQ4VBIVQGAHUBTCY9QA1E,AssignmentAccepted
850,2019-09-27 21:00:45.073874,,,,,,f,,{},345LHZDEDZGKKNA8JP5RI5K33WWU32,AssignmentAccepted
851,2019-09-27 21:01:24.821157,,,,,,f,,{},3TMFV4NEPA2JDO5JQ6FORADB4XNW8H,AssignmentReturned
852,2019-09-27 21:01:33.129188,,,,,,f,,{},3H0W84IWBMQVETYO4FRIWL1GNLDER2,AssignmentReturned
853,2019-09-27 21:01:33.132997,,,,,,f,,{},345LHZDEDZGKKNA8JP5RI5K33WWU32,AssignmentReturned
854,2019-09-27 21:01:42.272018,,,,,,f,,{},3TMFV4NEPA2JDO5JQ6FORADB4XNW8H,AssignmentAccepted
855,2019-09-27 21:02:11.529854,,,,,,f,,{},3LKC68YZ3CRMYGSZXN4KOW3BJ23WOW,AssignmentAccepted
856,2019-09-27 21:02:11.584523,,,,,,f,,{},3LKC68YZ3CRMYGSZXN4KOW3BJ23WOW,AssignmentAbandoned
857,2019-09-27 21:02:37.887313,,,,,,f,,{},3CFVK00FWN9GYGAWTDBOYL040W6L66,AssignmentAccepted
858,2019-09-27 21:03:05.532588,,,,,,f,,{},3YOH7BII0BVQT07F9L7VVD3OSPSVK4,AssignmentAccepted
859,2019-09-27 21:03:24.74826,,,,,,f,,{},3YOH7BII0BVQT07F9L7VVD3OSPSVK4,AssignmentReturned
860,2019-09-27 21:04:05.816612,,,,,,f,,{},3PH3VY7DJNLYXK66ZWF14UAF378WZ2,AssignmentAccepted
861,2019-09-27 21:07:44.321263,,,,,,f,,{},3I3WADAZ9SSSLXDF1MHBYWQYZ5M5OB,AssignmentReturned
862,2019-09-27 21:07:51.327372,,,,,,f,,"{""feedback"": ""It gave me directions on how the hit will work. I was to read and would be bonused on how much I read. Page also stated that most turkers got full bonus. I clicked to continue and here I am now."", ""error_text"": ""There has been an error and so you are unable to continue, sorry!"", ""error_type"": ""default"", ""request_data"": {""data"": ""{}"", ""route"": ""/node/89"", ""hit_id"": ""39HYCOOPKP9X2N92DAEFGKUXMGRMDI"", ""method"": ""post"", ""worker_id"": ""A1DX0Z20W07YOR"", ""participant_id"": null}}",3TMFV4NEPA2JDO5JQ6FORADB4XNW8H,ExperimentError
863,2019-09-27 21:08:11.546669,,,,,,f,,{},3A0EX8ZRNAC64RYQ8JHM39OSNBYBYK,AssignmentAbandoned
864,2019-09-27 21:08:29.86615,,,,,,f,,"{""feedback"": ""I agreed to the stipulations of the study."", ""error_text"": ""There has been an error and so you are unable to continue, sorry!"", ""error_type"": ""already_started_exp_mturk"", ""request_data"": {""hit_id"": null, ""worker_id"": null, ""participant_id"": null}}",unknown,ExperimentError
865,2019-09-27 21:08:30.313511,,,,,,f,,{},3A0EX8ZRNAC64RYQ8JHM39OSNBYBYK,AssignmentAccepted
866,2019-09-27 21:08:35.078429,,,,,,f,,"{""feedback"": ""I literally just passed the first screen and the error message popped up"", ""error_text"": ""There has been an error and so you are unable to continue, sorry!"", ""error_type"": ""default"", ""request_data"": {""data"": ""{}"", ""route"": ""/node/90"", ""hit_id"": ""39HYCOOPKP9X2N92DAEFGKUXMGRMDI"", ""method"": ""post"", ""worker_id"": ""A3DUL880Y08G95"", ""participant_id"": null}}",3LKC68YZ3CRMYGSZXN4KOW3BJ23WOW,ExperimentError
867,2019-09-27 21:08:37.861842,,,,,,f,,{},3TMFV4NEPA2JDO5JQ6FORADB4XNW8H,AssignmentReturned
868,2019-09-27 21:08:55.745785,,,,,,f,,{},3LKC68YZ3CRMYGSZXN4KOW3BJ23WOW,AssignmentReturned
869,2019-09-27 21:09:22.746719,,,,,,f,,{},3C2NJ6JBKC5I4FUGIOF0L0NHPM82NC,AssignmentAccepted
870,2019-09-27 21:09:24.625164,,,,,,f,,{},3F0BG9B9MRBJ2FV0V256Y72W4MXY7D,AssignmentAccepted
871,2019-09-27 21:09:56.695464,,,,,,f,,{},3IAEQB9FMG8VUJ1A7EQ4D2RCFP0WD5,AssignmentAccepted
872,2019-09-27 21:10:14.447903,,,,,,f,,{},3WJEQKOXAAQ4VBIVQGAHUBTCY9QA1E,AssignmentReturned
873,2019-09-27 21:10:16.300129,,,,,,f,,{},3WJEQKOXAAQ4VBIVQGAHUBTCY9QA1E,AssignmentAccepted
874,2019-09-27 21:10:35.549856,,,,,,f,,{},3PH3VY7DJNLYXK66ZWF14UAF378WZ2,AssignmentReturned
875,2019-09-27 21:11:09.169023,,,,,,f,,{},3BXQMRHWK1ML69IIP7A6E4T93NIMUF,AssignmentAccepted
876,2019-09-27 21:11:13.755542,,,,,,f,,{},3A0EX8ZRNAC64RYQ8JHM39OSNBYBYK,AssignmentReturned
877,2019-09-27 21:11:43.040962,,,,,,f,,{},3C2NJ6JBKC5I4FUGIOF0L0NHPM82NC,AssignmentReturned
878,2019-09-27 21:12:26.575691,,,,,,f,,{},3OCHAWUVGQ8IXPCA908DJY09804XKD,AssignmentAccepted
879,2019-09-27 21:12:27.249383,,,,,,f,,{},31UV0MXWNS0IPB2C3R46EZUCNX65I1,AssignmentAccepted
880,2019-09-27 21:12:28.690907,,,,,,f,,{},339ANSOTR7QL7UNFAE8CGODUKMFKID,AssignmentAbandoned
881,2019-09-27 21:12:48.314975,,,,,,f,,{},31UV0MXWNS0IPB2C3R46EZUCNX65I1,AssignmentReturned
882,2019-09-27 21:13:10.995729,,,,,,f,,"{""feedback"": ""I continued with the survey as normal. After I received the instructions, I proceeded to the next page. I then received the error page. The following are the errors:\r\nError type: default\r\nHIT id: 39HYCOOPKP9X2N92DAEFGKUXMGRMDI\r\nAssignment id: 3IAEQB9FMG8VUJ1A7EQ4D2RCFP0WD5\r\nWorker id: A2RRDATXKQ8HHC"", ""error_text"": ""There has been an error and so you are unable to continue, sorry!"", ""error_type"": ""default"", ""request_data"": {""data"": ""{}"", ""route"": ""/node/91"", ""hit_id"": ""39HYCOOPKP9X2N92DAEFGKUXMGRMDI"", ""method"": ""post"", ""worker_id"": ""A2RRDATXKQ8HHC"", ""participant_id"": null}}",3IAEQB9FMG8VUJ1A7EQ4D2RCFP0WD5,ExperimentError
883,2019-09-27 21:13:26.017784,,,,,,f,,{},3CFVK00FWN9GYGAWTDBOYL040W6L66,AssignmentReturned
884,2019-09-27 21:13:26.36962,,,,,,f,,{},3IAEQB9FMG8VUJ1A7EQ4D2RCFP0WD5,AssignmentReturned
885,2019-09-27 21:13:35.87901,,,,,,f,,{},3IAEQB9FMG8VUJ1A7EQ4D2RCFP0WD5,AssignmentAccepted
888,2019-09-27 21:14:40.756829,,,,,,f,,{},3AMYWKA6YDAO41DT65RGQ24YV04O6H,AssignmentAbandoned
891,2019-09-27 21:15:30.436722,,,,,,f,,{},3WMOAN2SRDLR16SI6YZBN5KSMK2NV6,AssignmentAccepted
894,2019-09-27 21:16:17.850574,,,,,,f,,{},3OCHAWUVGQ8IXPCA908DJY09804XKD,AssignmentReturned
886,2019-09-27 21:14:10.492734,,,,,,f,,{},3CFVK00FWN9GYGAWTDBOYL040W6L66,AssignmentAccepted
889,2019-09-27 21:14:40.830208,,,,,,f,,{},3AMYWKA6YDAO41DT65RGQ24YV04O6H,AssignmentAccepted
892,2019-09-27 21:15:37.28091,,,,,,f,,{},3WMOAN2SRDLR16SI6YZBN5KSMK2NV6,AssignmentReturned
895,2019-09-27 21:16:27.100503,,,,,,f,,{},3A1PQ49WVJ5J5YQ9WMK9BXGGB4N1HN,AssignmentAccepted
887,2019-09-27 21:14:24.842525,,,,,,f,,{},3B3WTRP3DDQXFDQMHEWV3ZSXKXS29E,AssignmentAccepted
890,2019-09-27 21:15:00.498371,,,,,,f,,{},3BXQMRHWK1ML69IIP7A6E4T93NIMUF,AssignmentReturned
893,2019-09-27 21:16:12.752373,,,,,,f,,{},3EA3QWIZ4KJKADD24NM4HF0Q30STIG,AssignmentAccepted
