id,creation_time,property1,property2,property3,property4,property5,failed,time_of_death,details,type,fingerprint_hash,recruiter_id,worker_id,assignment_id,unique_id,hit_id,mode,end_time,base_pay,bonus,status
42,2019-09-27 17:20:31.806048,,,,,,f,,{},participant,4895e1bc95b7c119525ff8f6db15b098,mturk,42,3QRYMNZ7F05COEOT13ZWMNW7PWPTNT,42:3QRYMNZ7F05COEOT13ZWMNW7PWPTNT,39HYCOOPKP9X2N92DAEFGKUXMGRMDI,live,2019-09-27 17:22:55.69317,,,returned
10,2019-09-27 15:25:00.705728,,,,,,f,,{},participant,610eb669b1a60ed146ba699aa0972fbe,mturk,10,35USIKEBNT46MGDH5QR3BD4T5MQ6N3,10:35USIKEBNT46MGDH5QR3BD4T5MQ6N3,39HYCOOPKP9X2N92DAEFGKUXMGRMDI,live,2019-09-27 15:36:21.70744,1,0.98,approved
3,2019-09-27 15:16:54.610903,,,,,,f,,{},participant,205774cfd72ff36fd98d0f543c226c3c,mturk,3,36NEMU28XH1YYD7NK7P7WSE6OY8MWJ,3:36NEMU28XH1YYD7NK7P7WSE6OY8MWJ,39HYCOOPKP9X2N92DAEFGKUXMGRMDI,live,2019-09-27 15:21:25.636731,1,0.24,did_not_attend
2,2019-09-27 15:16:44.816419,,,,,,f,,{},participant,146b1b31499b753fa5d4b74f2e19a4c3,mturk,2,3X31TUMD7ZALRU9ZN7Z73P9NSGA1LY,2:3X31TUMD7ZALRU9ZN7Z73P9NSGA1LY,39HYCOOPKP9X2N92DAEFGKUXMGRMDI,live,2019-09-27 15:24:58.585,1,0.98,approved
5,2019-09-27 15:17:34.681619,,,,,,f,,{},participant,be7e5684b290b9b4450bdabb09cc1253,mturk,5,39ZSFO5CAAKV51CXMAXEYC1SZO2UJO,5:39ZSFO5CAAKV51CXMAXEYC1SZO2UJO,39HYCOOPKP9X2N92DAEFGKUXMGRMDI,live,2019-09-27 15:21:25.643519,1,0.98,approved
9,2019-09-27 15:24:16.085827,,,,,,f,,{},participant,66c2f1a84a791118ab895de767b75588,mturk,9,3LRKMWOKB75CL48ZLCQUGNUQZVYZ2Y,9:3LRKMWOKB75CL48ZLCQUGNUQZVYZ2Y,39HYCOOPKP9X2N92DAEFGKUXMGRMDI,live,2019-09-27 15:25:06.656572,,,returned
1,2019-09-27 15:16:25.820633,,,,,,f,,{},participant,cb0d48d1a1c2a22ac1714e29e12c6a5f,mturk,1,34V1S5K3GUPLXE9N4G8YTC990X9967,1:34V1S5K3GUPLXE9N4G8YTC990X9967,39HYCOOPKP9X2N92DAEFGKUXMGRMDI,live,2019-09-27 15:21:50.082032,1,0.24,did_not_attend
7,2019-09-27 15:22:08.431582,,,,,,f,,{},participant,445801db60854c34b87dd313c39780d3,mturk,7,3GD6L00D3UL5XCRKNJ0M32OCSL01M0,7:3GD6L00D3UL5XCRKNJ0M32OCSL01M0,39HYCOOPKP9X2N92DAEFGKUXMGRMDI,live,2019-09-27 15:28:31.70427,1,0.24,did_not_attend
4,2019-09-27 15:17:27.479322,,,,,,f,,{},participant,1e691090e6d0adce951599a78e893e0e,mturk,4,3AMYWKA6YDAO41DT65RGQ24YVWV6OI,4:3AMYWKA6YDAO41DT65RGQ24YVWV6OI,39HYCOOPKP9X2N92DAEFGKUXMGRMDI,live,2019-09-27 15:25:17.1871,1,0.98,approved
6,2019-09-27 15:19:08.374251,,,,,,f,,{},participant,102af61b6c571f382f3d3e02b1bc9fc5,mturk,6,39LNWE0K4WKZAQSR4SCEMBMSM9DUIC,6:39LNWE0K4WKZAQSR4SCEMBMSM9DUIC,39HYCOOPKP9X2N92DAEFGKUXMGRMDI,live,2019-09-27 15:24:44.938508,1,0.98,approved
8,2019-09-27 15:22:39.988353,,,,,,f,,{},participant,6bacdee85a93a4af45e4f299b4fd1445,mturk,8,36TFCYNS46YRVZB23F5G66KHGEIXHH,8:36TFCYNS46YRVZB23F5G66KHGEIXHH,39HYCOOPKP9X2N92DAEFGKUXMGRMDI,live,2019-09-27 15:27:56.158188,1,0.24,did_not_attend
14,2019-09-27 15:31:07.51163,,,,,,f,,{},participant,18db3201c19b0ad61cf96c24c6f90dad,mturk,14,3CCZ6YKWR97PEA99ZXYT16V942Y95R,14:3CCZ6YKWR97PEA99ZXYT16V942Y95R,39HYCOOPKP9X2N92DAEFGKUXMGRMDI,live,2019-09-27 15:37:22.185975,1,0.98,approved
11,2019-09-27 15:28:31.924909,,,,,,f,,{},participant,63adec2d8315d817fe809602eacf011a,mturk,11,3Z7EFSHGNB20ER0MHNRFVFN13MHCXR,11:3Z7EFSHGNB20ER0MHNRFVFN13MHCXR,39HYCOOPKP9X2N92DAEFGKUXMGRMDI,live,2019-09-27 15:33:35.025794,1,0.24,did_not_attend
18,2019-09-27 15:54:10.156763,,,,,,f,,{},participant,2cdaf95400c6be4bdba4fa899852dfb3,mturk,18,3LRKMWOKB75CL48ZLCQUGNUQZVYZ2Y,18:3LRKMWOKB75CL48ZLCQUGNUQZVYZ2Y,39HYCOOPKP9X2N92DAEFGKUXMGRMDI,live,2019-09-27 16:02:21.461871,1,0.98,approved
15,2019-09-27 15:34:32.165106,,,,,,f,,{},participant,ba90b82c56aba09d1ad0ada5f759c6f5,mturk,15,3WAKVUDHUY42L6BVL18HVMWJ8TBU7Q,15:3WAKVUDHUY42L6BVL18HVMWJ8TBU7Q,39HYCOOPKP9X2N92DAEFGKUXMGRMDI,live,2019-09-27 15:45:41.496381,1,0.98,approved
16,2019-09-27 15:42:40.98843,,,,,,f,,{},participant,13a18d8345b48dcc5865170dc298c16e,mturk,16,3F6HPJW4JFO8R93UAP6NHJ08ITRW22,16:3F6HPJW4JFO8R93UAP6NHJ08ITRW22,39HYCOOPKP9X2N92DAEFGKUXMGRMDI,live,2019-09-27 15:46:35.995223,,,returned
12,2019-09-27 15:28:48.020194,,,,,,f,,{},participant,3b6d060432e9634e5ba0697579f15e3e,mturk,12,3LRKMWOKB75CL48ZLCQUGNUQZVYZ2Y,12:3LRKMWOKB75CL48ZLCQUGNUQZVYZ2Y,39HYCOOPKP9X2N92DAEFGKUXMGRMDI,live,2019-09-27 15:49:33.491528,,,abandoned
13,2019-09-27 15:29:08.705718,,,,,,f,,{},participant,471969a25bfd62d94febfc13b9639dd7,mturk,13,378XPAWRUE1FVHETYNVNMAAYF6SIAV,13:378XPAWRUE1FVHETYNVNMAAYF6SIAV,39HYCOOPKP9X2N92DAEFGKUXMGRMDI,live,2019-09-27 15:39:36.352104,1,0.98,approved
17,2019-09-27 15:50:37.262392,,,,,,f,,{},participant,a17b69aff05fbcbd6a213fd8eb85a937,mturk,17,3LRKMWOKB75CL48ZLCQUGNUQZVYZ2Y,17:3LRKMWOKB75CL48ZLCQUGNUQZVYZ2Y,39HYCOOPKP9X2N92DAEFGKUXMGRMDI,live,2019-09-27 15:52:41.437627,,,returned
21,2019-09-27 16:20:19.725521,,,,,,f,,{},participant,f18c3cd71d123c8d098c8b1f5c8de6af,mturk,21,35GMH2SV3G5SHG68CNAE2QWBCVCOEG,21:35GMH2SV3G5SHG68CNAE2QWBCVCOEG,39HYCOOPKP9X2N92DAEFGKUXMGRMDI,live,2019-09-27 16:21:20.444895,,,returned
19,2019-09-27 16:08:53.236761,,,,,,f,,{},participant,3200e6a19cf923ddf5d6ecb912a61633,mturk,19,3F6HPJW4JFO8R93UAP6NHJ08ITRW22,19:3F6HPJW4JFO8R93UAP6NHJ08ITRW22,39HYCOOPKP9X2N92DAEFGKUXMGRMDI,live,2019-09-27 16:19:25.164419,1,0.98,approved
25,2019-09-27 16:22:20.897245,,,,,,f,,{},participant,9930fc012cbbf8a7966cb042f4bad5b9,mturk,25,35GMH2SV3G5SHG68CNAE2QWBCVCOEG,25:35GMH2SV3G5SHG68CNAE2QWBCVCOEG,39HYCOOPKP9X2N92DAEFGKUXMGRMDI,live,2019-09-27 16:24:52.570813,1,0.08,did_not_attend
23,2019-09-27 16:20:54.771681,,,,,,f,,{},participant,775290f5ae596c4f262085bd5842694b,mturk,23,3TUI152ZZDBWIRPCFC73KB8H2NQQ17,23:3TUI152ZZDBWIRPCFC73KB8H2NQQ17,39HYCOOPKP9X2N92DAEFGKUXMGRMDI,live,2019-09-27 16:44:29.53138,,,abandoned
22,2019-09-27 16:20:30.912734,,,,,,f,,{},participant,83144d1800c55a8b83d1f8af1918716f,mturk,22,3WLEIWSYHQ5QUJ85FQKNGGQL368H2J,22:3WLEIWSYHQ5QUJ85FQKNGGQL368H2J,39HYCOOPKP9X2N92DAEFGKUXMGRMDI,live,2019-09-27 16:25:04.461692,1,0.26,approved
20,2019-09-27 16:19:59.741617,,,,,,f,,{},participant,05b9d09b25d975557a208a0a256689a0,mturk,20,3PMBY0YE29RADVIOE7L1FC1JWKD9CU,20:3PMBY0YE29RADVIOE7L1FC1JWKD9CU,39HYCOOPKP9X2N92DAEFGKUXMGRMDI,live,2019-09-27 16:25:20.08787,1,0.21,approved
27,2019-09-27 16:26:05.481837,,,,,,f,,{},participant,5c80b06516f5612fcf281beaf8cbbec7,mturk,27,3S96KQ6I9OS322XGC9LTQIKDBRSTDE,27:3S96KQ6I9OS322XGC9LTQIKDBRSTDE,39HYCOOPKP9X2N92DAEFGKUXMGRMDI,live,2019-09-27 16:29:33.638972,1,0.16,approved
24,2019-09-27 16:22:11.298912,,,,,,f,,{},participant,c318313c5fd59f626b5b7c716030213b,mturk,24,32VNZTT0A9SDMR1VF9F5NZPPAT2R4M,24:32VNZTT0A9SDMR1VF9F5NZPPAT2R4M,39HYCOOPKP9X2N92DAEFGKUXMGRMDI,live,2019-09-27 16:31:53.109254,1,0.24,did_not_attend
26,2019-09-27 16:24:24.714484,,,,,,f,,{},participant,11794dadab98d0dfdee9e2c060fafebe,mturk,26,3E7TUJ2EGEAKINO2E3GCZIJ1HKP9DU,26:3E7TUJ2EGEAKINO2E3GCZIJ1HKP9DU,39HYCOOPKP9X2N92DAEFGKUXMGRMDI,live,2019-09-27 16:26:29.727289,1,0.26,approved
60,2019-09-27 19:06:09.358355,,,,,,f,,{},participant,a012ed48634451c39b4a04efd5207e63,mturk,60,33NF62TLXLQH257LSWTCSPSUX0ZKJI,60:33NF62TLXLQH257LSWTCSPSUX0ZKJI,39HYCOOPKP9X2N92DAEFGKUXMGRMDI,live,2019-09-27 19:09:31.791069,1,0.04,did_not_attend
29,2019-09-27 16:37:18.869983,,,,,,f,,{},participant,115acc6e0b2041c278679ff500a87f9e,mturk,29,3IKZ72A5B642596S6JU75JH6YMPFND,29:3IKZ72A5B642596S6JU75JH6YMPFND,39HYCOOPKP9X2N92DAEFGKUXMGRMDI,live,2019-09-27 16:37:41.491539,,,returned
28,2019-09-27 16:36:34.645198,,,,,,f,,{},participant,c612f605b8a5fe6998dfb8f5f7cfb577,mturk,28,3HYA4D452T76GNHZK0WNDVE8NRVF2J,28:3HYA4D452T76GNHZK0WNDVE8NRVF2J,39HYCOOPKP9X2N92DAEFGKUXMGRMDI,live,2019-09-27 16:42:58.322375,,,returned
43,2019-09-27 17:22:24.432964,,,,,,f,,{},participant,00b940a651775eedb14dc2e99f788160,mturk,43,3WS1NTTKE00ZKDEL5DS9U7LTQU70FI,43:3WS1NTTKE00ZKDEL5DS9U7LTQU70FI,39HYCOOPKP9X2N92DAEFGKUXMGRMDI,live,2019-09-27 17:23:03.695195,,,returned
62,2019-09-27 19:19:52.123211,,,,,,f,,{},participant,15c9841dbca8b37ebd4688a5d18d9dca,mturk,62,3D3VGR7TA23S4VIRFVAMDUXJWVKR3J,62:3D3VGR7TA23S4VIRFVAMDUXJWVKR3J,39HYCOOPKP9X2N92DAEFGKUXMGRMDI,live,2019-09-27 19:21:40.31946,1,0.04,approved
32,2019-09-27 16:43:24.079749,,,,,,f,,{},participant,ba371105bd14d0453f00b5b464c2e538,mturk,32,3HYA4D452T76GNHZK0WNDVE8NRVF2J,32:3HYA4D452T76GNHZK0WNDVE8NRVF2J,39HYCOOPKP9X2N92DAEFGKUXMGRMDI,live,2019-09-27 16:50:40.128669,1,0.31,approved
30,2019-09-27 16:40:48.724012,,,,,,f,,{},participant,139a499f4a356387795d6fa17892d4a1,mturk,30,3IKZ72A5B642596S6JU75JH6YMPFND,30:3IKZ72A5B642596S6JU75JH6YMPFND,39HYCOOPKP9X2N92DAEFGKUXMGRMDI,live,2019-09-27 16:44:57.067142,1,0.31,approved
31,2019-09-27 16:43:01.890096,,,,,,f,,{},participant,f435d32afdfb8a32036edebf553a3a3d,mturk,31,35USIKEBNT46MGDH5QR3BD4T5NQ6N5,31:35USIKEBNT46MGDH5QR3BD4T5NQ6N5,39HYCOOPKP9X2N92DAEFGKUXMGRMDI,live,2019-09-27 16:45:22.325133,,,returned
34,2019-09-27 16:46:15.877349,,,,,,f,,{},participant,6ec0600a2617902b73f0edfa091b21e3,mturk,34,35USIKEBNT46MGDH5QR3BD4T5NQ6N5,34:35USIKEBNT46MGDH5QR3BD4T5NQ6N5,39HYCOOPKP9X2N92DAEFGKUXMGRMDI,live,2019-09-27 16:51:58.036828,1,0.21,approved
40,2019-09-27 17:20:28.131343,,,,,,f,,{},participant,e7b97b3fd429c56b0eaf7a42ae333c3d,mturk,40,3TE3O85732W3JDM8BVWHUKSRQG22RZ,40:3TE3O85732W3JDM8BVWHUKSRQG22RZ,39HYCOOPKP9X2N92DAEFGKUXMGRMDI,live,2019-09-27 17:25:16.612018,1,0.12,approved
39,2019-09-27 17:20:18.200004,,,,,,f,,{},participant,360c7ae8fdf4ad859a7b2518d2917666,mturk,39,3XC1O3LBOUAM0EL8PQJH9VSIK1PTLR,39:3XC1O3LBOUAM0EL8PQJH9VSIK1PTLR,39HYCOOPKP9X2N92DAEFGKUXMGRMDI,live,2019-09-27 17:23:38.912516,1,0.18,approved
33,2019-09-27 16:45:22.749246,,,,,,f,,{},participant,76adcd75df14fe8861fd1c6e3445e610,mturk,33,3ERET4BTVOXSWTUC6K2Z3VER1T09KL,33:3ERET4BTVOXSWTUC6K2Z3VER1T09KL,39HYCOOPKP9X2N92DAEFGKUXMGRMDI,live,2019-09-27 16:53:07.261792,1,0.3,approved
35,2019-09-27 16:51:46.82609,,,,,,f,,{},participant,57d7435e3e41975ea1bad3891097a627,mturk,35,3GA6AFUKOQCFF14OJQYSZQVD9K8H3U,35:3GA6AFUKOQCFF14OJQYSZQVD9K8H3U,39HYCOOPKP9X2N92DAEFGKUXMGRMDI,live,2019-09-27 16:55:52.421235,1,0.12,approved
36,2019-09-27 17:14:31.726129,,,,,,f,,{},participant,9d5fb4deff6f1211c681fdcbd524c587,mturk,36,3A0EX8ZRNAC64RYQ8JHM39OSN8YBYE,36:3A0EX8ZRNAC64RYQ8JHM39OSN8YBYE,39HYCOOPKP9X2N92DAEFGKUXMGRMDI,live,2019-09-27 17:19:10.33049,1,0.24,approved
38,2019-09-27 17:20:17.092067,,,,,,f,,{},participant,e13c3a540bc3dad32c35468e7b603c7f,mturk,38,3X66WABAJY61F59DZKGAEQJCULRG3S,38:3X66WABAJY61F59DZKGAEQJCULRG3S,39HYCOOPKP9X2N92DAEFGKUXMGRMDI,live,2019-09-27 17:24:46.225565,1,0.09,approved
37,2019-09-27 17:19:36.903015,,,,,,f,,{},participant,f0a7f7e1bc85e343526d763c0158ae17,mturk,37,3SB5N7Y3O5S5YDAGGXYRCSL5R970GH,37:3SB5N7Y3O5S5YDAGGXYRCSL5R970GH,39HYCOOPKP9X2N92DAEFGKUXMGRMDI,live,2019-09-27 17:23:46.661418,1,0.1,approved
48,2019-09-27 17:40:52.478863,,,,,,f,,{},participant,6979e01ad44c30985b0567aeb74ec28b,mturk,48,30BXRYBRP6LC6Z6CTA9U4N6A7E0WHF,48:30BXRYBRP6LC6Z6CTA9U4N6A7E0WHF,39HYCOOPKP9X2N92DAEFGKUXMGRMDI,live,2019-09-27 17:43:10.565207,1,0.06,approved
41,2019-09-27 17:20:28.918528,,,,,,f,,{},participant,ab19b7e5812406ec834c0b4adbbd2d7b,mturk,41,3180JW2OT60EKMMIL9P6Q09C09Z5JB,41:3180JW2OT60EKMMIL9P6Q09C09Z5JB,39HYCOOPKP9X2N92DAEFGKUXMGRMDI,live,2019-09-27 17:24:58.527986,1,0.36,approved
47,2019-09-27 17:34:01.880982,,,,,,f,,{},participant,49d7e47cdd65ea2585cc00fdd5222d4a,mturk,47,30BUDKLTXFJ6960Q78EFTKWKV135EQ,47:30BUDKLTXFJ6960Q78EFTKWKV135EQ,39HYCOOPKP9X2N92DAEFGKUXMGRMDI,live,2019-09-27 17:39:10.669506,1,0.14,approved
45,2019-09-27 17:27:35.769887,,,,,,f,,{},participant,e2ccfd887bf5d84dd855a21c915638c3,mturk,45,3WS1NTTKE00ZKDEL5DS9U7LTQU70FI,45:3WS1NTTKE00ZKDEL5DS9U7LTQU70FI,39HYCOOPKP9X2N92DAEFGKUXMGRMDI,live,2019-09-27 17:31:57.43871,1,0.11,approved
46,2019-09-27 17:27:48.190167,,,,,,f,,{},participant,2d70b99671c14f6a33a1cb403a69cb46,mturk,46,30BUDKLTXFJ6960Q78EFTKWKV135EQ,46:30BUDKLTXFJ6960Q78EFTKWKV135EQ,39HYCOOPKP9X2N92DAEFGKUXMGRMDI,live,2019-09-27 17:32:04.158404,,,returned
44,2019-09-27 17:27:18.603786,,,,,,f,,{},participant,bb50bf81e82420c3185edbb7a6ca626f,mturk,44,3YDGXNSEO1I74MMZG095WIUKK2A84P,44:3YDGXNSEO1I74MMZG095WIUKK2A84P,39HYCOOPKP9X2N92DAEFGKUXMGRMDI,live,2019-09-27 17:34:22.466151,1,0.11,approved
49,2019-09-27 18:13:20.623142,,,,,,f,,{},participant,947d53c18621d92f239831277867d3df,mturk,49,3K9FOBBF2J7O51GOSUX50WMQVJFNLW,49:3K9FOBBF2J7O51GOSUX50WMQVJFNLW,39HYCOOPKP9X2N92DAEFGKUXMGRMDI,live,2019-09-27 18:19:42.218981,1,0.12,approved
50,2019-09-27 18:20:03.463419,,,,,,f,,{},participant,05fc25b8eba7c6124572a563a5fe271b,mturk,50,32ZKVD547HB5OO12JYOWDFSFE9TB32,50:32ZKVD547HB5OO12JYOWDFSFE9TB32,39HYCOOPKP9X2N92DAEFGKUXMGRMDI,live,2019-09-27 18:23:31.11963,1,0.11,approved
52,2019-09-27 18:20:51.974947,,,,,,f,,{},participant,34add013dc9a7345f7e3f5c6f99de570,mturk,52,3ND9UOO81MQESVP2KVOSWFZHOW1WLG,52:3ND9UOO81MQESVP2KVOSWFZHOW1WLG,39HYCOOPKP9X2N92DAEFGKUXMGRMDI,live,2019-09-27 18:24:39.950218,1,0.17,approved
51,2019-09-27 18:20:26.663356,,,,,,f,,{},participant,c0d9107475b15e33625db6da72bc0c80,mturk,51,3GFK2QRXXB50Q6MHS88LFQ3K2625W2,51:3GFK2QRXXB50Q6MHS88LFQ3K2625W2,39HYCOOPKP9X2N92DAEFGKUXMGRMDI,live,2019-09-27 18:26:02.918442,1,0.11,approved
54,2019-09-27 18:26:49.930364,,,,,,f,,{},participant,0403c578d9192428c98980d1f1a55a3a,mturk,54,3IAS3U3I0H4G365JFYARU5NN8VTB2R,54:3IAS3U3I0H4G365JFYARU5NN8VTB2R,39HYCOOPKP9X2N92DAEFGKUXMGRMDI,live,2019-09-27 18:32:46.407296,1,0.1,approved
53,2019-09-27 18:24:10.473448,,,,,,f,,{},participant,c5734d1d1d3992db3aa14ef9887556e7,mturk,53,31Q0U3WYDR3MC9KXJDYXKKRMXZO17E,53:31Q0U3WYDR3MC9KXJDYXKKRMXZO17E,39HYCOOPKP9X2N92DAEFGKUXMGRMDI,live,2019-09-27 18:29:07.052358,1,0.16,approved
70,2019-09-27 19:31:32.194982,,,,,,f,,{},participant,c614cd1eb750373242a302f90de0117c,mturk,70,3FIUS151DXQ29HL1UZNUXK8LYRGGGM,70:3FIUS151DXQ29HL1UZNUXK8LYRGGGM,39HYCOOPKP9X2N92DAEFGKUXMGRMDI,live,2019-09-27 19:38:02.562188,,,returned
71,2019-09-27 19:35:12.484177,,,,,,f,,{},participant,2410972d83a1e90fa0efb8e553eb5b8e,mturk,71,3MRNMEIQW7UFJPPB30J24RAWHGMLDN,71:3MRNMEIQW7UFJPPB30J24RAWHGMLDN,39HYCOOPKP9X2N92DAEFGKUXMGRMDI,live,2019-09-27 19:38:16.18345,,,returned
61,2019-09-27 19:14:21.90815,,,,,,f,,{},participant,c23c14eb69b5fa3dbe8ef12d5eff49ff,mturk,61,3TU5ZICBRFPETR9XEXGIZLVPGV7Q86,61:3TU5ZICBRFPETR9XEXGIZLVPGV7Q86,39HYCOOPKP9X2N92DAEFGKUXMGRMDI,live,2019-09-27 19:17:17.43581,1,0.04,did_not_attend
55,2019-09-27 18:31:19.09279,,,,,,f,,{},participant,d23718cf46af1ae7dc6581ff67495f10,mturk,55,3WJ1OXY92C4M6B2GP1JW9LGKCD08AW,55:3WJ1OXY92C4M6B2GP1JW9LGKCD08AW,39HYCOOPKP9X2N92DAEFGKUXMGRMDI,live,2019-09-27 18:33:35.259935,1,0.07,approved
57,2019-09-27 18:34:49.006115,,,,,,f,,{},participant,51886a6a46296aa817f090bb164a32b0,mturk,57,3H0W84IWBMQVETYO4FRIWL1GNKLREL,57:3H0W84IWBMQVETYO4FRIWL1GNKLREL,39HYCOOPKP9X2N92DAEFGKUXMGRMDI,live,2019-09-27 18:37:35.148831,1,0.15,approved
63,2019-09-27 19:22:25.596015,,,,,,f,,{},participant,1cc05f95986699181480ebbd3b59ecde,mturk,63,3TR2532VIRIA3QMWQSZBI6NCW5UJ6R,63:3TR2532VIRIA3QMWQSZBI6NCW5UJ6R,39HYCOOPKP9X2N92DAEFGKUXMGRMDI,live,2019-09-27 19:26:59.430533,1,0.11,approved
68,2019-09-27 19:26:29.026158,,,,,,f,,{},participant,d9ad02d52e429791f738e00a6dfb60f3,mturk,68,3JZQSN0I3SYWVHP6JFHCFZ89XCGGFN,68:3JZQSN0I3SYWVHP6JFHCFZ89XCGGFN,39HYCOOPKP9X2N92DAEFGKUXMGRMDI,live,2019-09-27 19:27:42.587609,,,returned
64,2019-09-27 19:22:31.947817,,,,,,f,,{},participant,c06d582fe0bc189164e0638cebf4d80b,mturk,64,3LEP4MGT3IO36G3ZCNU8QOER5M8DBS,64:3LEP4MGT3IO36G3ZCNU8QOER5M8DBS,39HYCOOPKP9X2N92DAEFGKUXMGRMDI,live,2019-09-27 19:23:59.651399,1,0.03,did_not_attend
56,2019-09-27 18:32:09.003631,,,,,,f,,{},participant,433ec42254be256fc2bfdf6f857f2f98,mturk,56,3VNL7UK1XH700MBC3FGJEINYN6XTFI,56:3VNL7UK1XH700MBC3FGJEINYN6XTFI,39HYCOOPKP9X2N92DAEFGKUXMGRMDI,live,2019-09-27 18:37:52.975053,1,0.1,approved
65,2019-09-27 19:22:44.919114,,,,,,f,,{},participant,56faea17cbf0970798bc4a179ea3d775,mturk,65,3WMOAN2SRDLR16SI6YZBN5KSMIQNVQ,65:3WMOAN2SRDLR16SI6YZBN5KSMIQNVQ,39HYCOOPKP9X2N92DAEFGKUXMGRMDI,live,2019-09-27 19:24:39.32515,1,0.09,approved
58,2019-09-27 18:48:28.857417,,,,,,f,,{},participant,5aa2906ec3070178204d2123959ba0e0,mturk,58,3S96KQ6I9OS322XGC9LTQIKDBTHTD7,58:3S96KQ6I9OS322XGC9LTQIKDBTHTD7,39HYCOOPKP9X2N92DAEFGKUXMGRMDI,live,2019-09-27 18:51:59.583692,1,0.15,approved
59,2019-09-27 18:51:15.089593,,,,,,f,,{},participant,65dd29c1958e6343237840bc7721fd89,mturk,59,33NF62TLXLQH257LSWTCSPSUX0ZKJI,59:33NF62TLXLQH257LSWTCSPSUX0ZKJI,39HYCOOPKP9X2N92DAEFGKUXMGRMDI,live,2019-09-27 18:52:12.258577,,,returned
66,2019-09-27 19:22:52.576137,,,,,,f,,{},participant,06a81ae4124bf8b118906fe49193a893,mturk,66,3L70J4KAZIAYN6Y769UCVDULN4NDAX,66:3L70J4KAZIAYN6Y769UCVDULN4NDAX,39HYCOOPKP9X2N92DAEFGKUXMGRMDI,live,2019-09-27 19:26:44.408952,,,returned
73,2019-09-27 19:41:33.671388,,,,,,f,,{},participant,add0d59f823a45546db51602bb8f50bc,mturk,73,3TDXMTX3CDIE8F2Q8AEB658CJRCI6N,73:3TDXMTX3CDIE8F2Q8AEB658CJRCI6N,39HYCOOPKP9X2N92DAEFGKUXMGRMDI,live,2019-09-27 19:44:34.777549,1,0.05,approved
67,2019-09-27 19:23:18.696751,,,,,,f,,{},participant,6e96fd217b89184a75b835b948a7828f,mturk,67,3WSELTNVR5Q54VU4SZUR0HC7QQBATD,67:3WSELTNVR5Q54VU4SZUR0HC7QQBATD,39HYCOOPKP9X2N92DAEFGKUXMGRMDI,live,2019-09-27 19:29:53.495689,1,0.12,approved
69,2019-09-27 19:29:42.266207,,,,,,f,,{},participant,7834f16df8203e1ec1565dc70b0aaa58,mturk,69,3G5W44VEU967B3HKKQ89VC0E58XGKP,69:3G5W44VEU967B3HKKQ89VC0E58XGKP,39HYCOOPKP9X2N92DAEFGKUXMGRMDI,live,2019-09-27 19:30:29.548638,,,returned
72,2019-09-27 19:36:37.475526,,,,,,f,,{},participant,98d8aedd7b99265fbca1a0ee987b3bac,mturk,72,3G5W44VEU967B3HKKQ89VC0E58XGKP,72:3G5W44VEU967B3HKKQ89VC0E58XGKP,39HYCOOPKP9X2N92DAEFGKUXMGRMDI,live,2019-09-27 19:39:25.408992,1,0.04,did_not_attend
76,2019-09-27 20:04:48.099037,,,,,,f,,{},participant,56250234f1365279b2f52bc12ce8d233,mturk,76,3I3WADAZ9SSSLXDF1MHBYWQYZ55O5D,76:3I3WADAZ9SSSLXDF1MHBYWQYZ55O5D,39HYCOOPKP9X2N92DAEFGKUXMGRMDI,live,2019-09-27 20:16:55.968992,,,abandoned
77,2019-09-27 20:16:06.608833,,,,,,f,,{},participant,32b95582a3792d0aaa1869534ac28dfb,mturk,77,379J5II41Q4KBV3BZVUMA9SHHSNLEG,77:379J5II41Q4KBV3BZVUMA9SHHSNLEG,39HYCOOPKP9X2N92DAEFGKUXMGRMDI,live,2019-09-27 20:18:47.377141,1,0.04,approved
74,2019-09-27 19:45:32.453755,,,,,,f,,{},participant,612202fa7be4a629286747f6bbf5db04,mturk,74,3B3WTRP3DDQXFDQMHEWV3ZSXKWN297,74:3B3WTRP3DDQXFDQMHEWV3ZSXKWN297,39HYCOOPKP9X2N92DAEFGKUXMGRMDI,live,2019-09-27 19:51:11.089542,1,0.03,did_not_attend
75,2019-09-27 20:00:29.170391,,,,,,f,,{},participant,0cff50058097ceb3d762587e0cbf02ec,mturk,75,3ND9UOO81MQESVP2KVOSWFZHOX3WLK,75:3ND9UOO81MQESVP2KVOSWFZHOX3WLK,39HYCOOPKP9X2N92DAEFGKUXMGRMDI,live,2019-09-27 20:08:22.865292,1,0.13,approved
78,2019-09-27 20:16:35.422624,,,,,,f,,{},participant,38693fe5d6616bad7e9a9bbb4c52cd21,mturk,78,3XIQGXAUMEWU2A5QQ6J4FTVN2FD7XO,78:3XIQGXAUMEWU2A5QQ6J4FTVN2FD7XO,39HYCOOPKP9X2N92DAEFGKUXMGRMDI,live,2019-09-27 20:24:02.651169,,,returned
79,2019-09-27 20:19:07.381533,,,,,,f,,{},participant,148936de5a591b1be312269a1609e959,mturk,79,3LKC68YZ3CRMYGSZXN4KOW3BJ23WOW,79:3LKC68YZ3CRMYGSZXN4KOW3BJ23WOW,39HYCOOPKP9X2N92DAEFGKUXMGRMDI,live,2019-09-27 20:19:28.49139,,,returned
80,2019-09-27 20:22:42.56687,,,,,,f,,{},participant,c0465cc2f19e9a66da8dbffda964bdba,mturk,80,3GDTJDAPVWZN8CB5M491ICBK6V0M87,80:3GDTJDAPVWZN8CB5M491ICBK6V0M87,39HYCOOPKP9X2N92DAEFGKUXMGRMDI,live,2019-09-27 20:24:31.210679,,,returned
82,2019-09-27 20:26:32.591341,,,,,,f,,{},participant,0167f98cb97c00ea6c9360cf67cc1709,mturk,82,37XITHEISYXGHVEA8OLN6X1D29NCRU,82:37XITHEISYXGHVEA8OLN6X1D29NCRU,39HYCOOPKP9X2N92DAEFGKUXMGRMDI,live,2019-09-27 20:27:20.087408,,,returned
83,2019-09-27 20:28:38.585069,,,,,,f,,{},participant,399c11382a464b3d16451ebd334c570f,mturk,83,3GDTJDAPVWZN8CB5M491ICBK6V0M87,83:3GDTJDAPVWZN8CB5M491ICBK6V0M87,39HYCOOPKP9X2N92DAEFGKUXMGRMDI,live,2019-09-27 20:30:31.922068,,,returned
81,2019-09-27 20:24:13.25984,,,,,,f,,{},participant,d1bbc392b59fe5aafb11cabb56ecc5e0,mturk,81,3DPNQGW4LN3K083BNLC7C4YTE9P64A,81:3DPNQGW4LN3K083BNLC7C4YTE9P64A,39HYCOOPKP9X2N92DAEFGKUXMGRMDI,live,2019-09-27 20:28:35.605634,1,0.07,approved
85,2019-09-27 20:37:36.618033,,,,,,f,,{},participant,9eb114c09e62eea3dae26371de12feef,mturk,85,3NXNZ5RS1CL41ENSNQDQZQ95VCR79A,85:3NXNZ5RS1CL41ENSNQDQZQ95VCR79A,39HYCOOPKP9X2N92DAEFGKUXMGRMDI,live,2019-09-27 20:39:31.760384,,,returned
84,2019-09-27 20:37:10.175223,,,,,,f,,{},participant,1e00d8c7f46b733a40590221ff729bea,mturk,84,3LKC68YZ3CRMYGSZXN4KOW3BJ23WOW,84:3LKC68YZ3CRMYGSZXN4KOW3BJ23WOW,39HYCOOPKP9X2N92DAEFGKUXMGRMDI,live,2019-09-27 20:38:07.659394,,,returned
87,2019-09-27 20:55:42.602816,,,,,,f,,{},participant,a118243d599189201e4345516e8ed4ac,mturk,87,3M23Y66PO4V32T5MDM8PA7EZSPAS6L,87:3M23Y66PO4V32T5MDM8PA7EZSPAS6L,39HYCOOPKP9X2N92DAEFGKUXMGRMDI,live,2019-09-27 20:56:00.314616,,,returned
88,2019-09-27 20:56:53.990259,,,,,,f,,{},participant,3cc77ff91acb4044267203f68c755744,mturk,88,3TOK3KHVJV6781RYPFW8WG4UQCSO7M,88:3TOK3KHVJV6781RYPFW8WG4UQCSO7M,39HYCOOPKP9X2N92DAEFGKUXMGRMDI,live,2019-09-27 20:58:57.084293,,,returned
86,2019-09-27 20:38:31.473233,,,,,,f,,{},participant,62cf2fa371305b977625ef1d716643f0,mturk,86,3LKC68YZ3CRMYGSZXN4KOW3BJ23WOW,86:3LKC68YZ3CRMYGSZXN4KOW3BJ23WOW,39HYCOOPKP9X2N92DAEFGKUXMGRMDI,live,2019-09-27 21:02:11.595599,,,abandoned
89,2019-09-27 21:05:44.547606,,,,,,f,,{},participant,240bbb30cfa1698aa120ae51e98e74f0,mturk,89,3TMFV4NEPA2JDO5JQ6FORADB4XNW8H,89:3TMFV4NEPA2JDO5JQ6FORADB4XNW8H,39HYCOOPKP9X2N92DAEFGKUXMGRMDI,live,2019-09-27 21:08:37.873769,,,returned
90,2019-09-27 21:07:26.610735,,,,,,f,,{},participant,f32caf19ff2447ea6fe158397847805d,mturk,90,3LKC68YZ3CRMYGSZXN4KOW3BJ23WOW,90:3LKC68YZ3CRMYGSZXN4KOW3BJ23WOW,39HYCOOPKP9X2N92DAEFGKUXMGRMDI,live,2019-09-27 21:08:55.754657,,,returned
91,2019-09-27 21:11:53.047921,,,,,,f,,{},participant,b72fa5d237d2462d6d2d2ea1c80f5b6a,mturk,91,3IAEQB9FMG8VUJ1A7EQ4D2RCFP0WD5,91:3IAEQB9FMG8VUJ1A7EQ4D2RCFP0WD5,39HYCOOPKP9X2N92DAEFGKUXMGRMDI,live,2019-09-27 21:13:26.378524,,,returned
