id,creation_time,property1,property2,property3,property4,property5,failed,time_of_death,details,assignment_id,event_type
1,2019-09-30 14:13:07.549193,,,,,,f,,{},3OLQQLKKNUDEG5FBWAI9UUFPEXIEJW,AssignmentAccepted
2,2019-09-30 14:13:07.596446,,,,,,f,,{},3O7L7BFSHGDILUV5ESX9IT0P1ITEIK,AssignmentAccepted
3,2019-09-30 14:13:07.67783,,,,,,f,,{},3LBXNTKX0TJYGTTJ53HOTPMTYYH9X5,AssignmentAccepted
4,2019-09-30 14:13:07.762518,,,,,,f,,{},3RKNTXVS3OMLNAFEDYTJS90FBLU4A0,AssignmentAccepted
5,2019-09-30 14:13:08.450266,,,,,,f,,{},3KKG4CDWKKM7IR59LSFJWEPV53C49L,AssignmentAccepted
6,2019-09-30 14:13:09.969594,,,,,,f,,{},33PPUNGG3ATTPOPK025VHV2YCKKZRE,AssignmentAccepted
7,2019-09-30 14:13:10.19397,,,,,,f,,{},3Z4XG4ZF4AFY2OA90BBATTRIESYX83,AssignmentAccepted
8,2019-09-30 14:13:10.196751,,,,,,f,,{},379J5II41Q4KBV3BZVUMA9SHIMNELY,AssignmentAccepted
9,2019-09-30 14:13:11.692821,,,,,,f,,{},33LK57MYLVT5Q3PXFR50757UYM3ZS2,AssignmentAccepted
10,2019-09-30 14:13:11.727046,,,,,,f,,{},3NAPMVF0ZY3T1U2T2HYBP31RQZS72G,AssignmentAccepted
11,2019-09-30 14:13:11.735866,,,,,,f,,{},3QJOXOW4XLF4HDLWZ7V1AM76IRDEM0,AssignmentAccepted
12,2019-09-30 14:13:11.760749,,,,,,f,,{},3RRCEFRB7O0Q6KK6JCTFNKKLT3F4BV,AssignmentAccepted
13,2019-09-30 14:13:11.766707,,,,,,f,,{},3WR9XG3T65Z348HG6VHZIIYPADO74C,AssignmentAccepted
14,2019-09-30 14:13:11.913089,,,,,,f,,{},3PZDLQMM0V9ZDBXPTY6M5PT5RAJC2E,AssignmentAccepted
15,2019-09-30 14:13:24.071809,,,,,,f,,{},32Q90QCQ1U99RPLTEVILV9F2TMIEKV,AssignmentAccepted
16,2019-09-30 14:17:26.079118,,,,,,f,,{},3QJOXOW4XLF4HDLWZ7V1AM76IRDEM0,AssignmentReturned
17,2019-09-30 14:17:36.663151,,,,,,f,,{},3QJOXOW4XLF4HDLWZ7V1AM76IRDEM0,AssignmentAccepted
18,2019-09-30 14:17:51.574953,,,,,,f,,{},3O7L7BFSHGDILUV5ESX9IT0P1ITEIK,AssignmentSubmitted
19,2019-09-30 14:18:36.54369,,,,,,f,,{},3KKG4CDWKKM7IR59LSFJWEPV53C49L,AssignmentReturned
20,2019-09-30 14:18:57.335643,,,,,,f,,{},3KKG4CDWKKM7IR59LSFJWEPV53C49L,AssignmentAccepted
21,2019-09-30 14:20:24.616782,,,,,,f,,{},3Z4XG4ZF4AFY2OA90BBATTRIESYX83,AssignmentReturned
22,2019-09-30 14:20:44.763187,,,,,,f,,{},3Z4XG4ZF4AFY2OA90BBATTRIESYX83,AssignmentAccepted
23,2019-09-30 14:23:01.709383,,,,,,f,,{},3QJOXOW4XLF4HDLWZ7V1AM76IRDEM0,AssignmentReturned
24,2019-09-30 14:23:01.72421,,,,,,f,,{},3QJOXOW4XLF4HDLWZ7V1AM76IRDEM0,AssignmentAccepted
25,2019-09-30 14:23:02.377733,,,,,,f,,{},3RKNTXVS3OMLNAFEDYTJS90FBLU4A0,AssignmentSubmitted
26,2019-09-30 14:23:42.098915,,,,,,f,,{},33PPUNGG3ATTPOPK025VHV2YCKKZRE,AssignmentSubmitted
27,2019-09-30 14:23:59.036754,,,,,,f,,{},3LBXNTKX0TJYGTTJ53HOTPMTYYH9X5,AssignmentSubmitted
28,2019-09-30 14:24:05.489313,,,,,,f,,{},3B837J3LDQKWOC365ABNL25VP6PSR9,AssignmentAccepted
29,2019-09-30 14:25:18.19734,,,,,,f,,{},3OLQQLKKNUDEG5FBWAI9UUFPEXIEJW,AssignmentSubmitted
30,2019-09-30 14:25:51.350911,,,,,,f,,{},3KKG4CDWKKM7IR59LSFJWEPV53C49L,AssignmentSubmitted
31,2019-09-30 14:27:12.79068,,,,,,f,,{},3RRCEFRB7O0Q6KK6JCTFNKKLT3F4BV,AssignmentReturned
32,2019-09-30 14:27:32.350661,,,,,,f,,{},3RRCEFRB7O0Q6KK6JCTFNKKLT3F4BV,AssignmentAccepted
33,2019-09-30 14:27:42.076049,,,,,,f,,{},33LK57MYLVT5Q3PXFR50757UYM3ZS2,AssignmentSubmitted
34,2019-09-30 14:27:46.11915,,,,,,f,,{},3PZDLQMM0V9ZDBXPTY6M5PT5RAJC2E,AssignmentReturned
35,2019-09-30 14:27:51.027101,,,,,,f,,{},3PZDLQMM0V9ZDBXPTY6M5PT5RAJC2E,AssignmentAccepted
36,2019-09-30 14:27:55.372324,,,,,,f,,{},3QECW5O0KJP8YPINX33AS6WLZ7GT5N,AssignmentAccepted
37,2019-09-30 14:29:07.272637,,,,,,f,,{},3B837J3LDQKWOC365ABNL25VP6PSR9,AssignmentSubmitted
38,2019-09-30 14:32:23.256876,,,,,,f,,{},3QECW5O0KJP8YPINX33AS6WLZ7GT5N,AssignmentSubmitted
39,2019-09-30 14:32:23.280741,,,,,,f,,{},3WR9XG3T65Z348HG6VHZIIYPADO74C,AssignmentSubmitted
40,2019-09-30 14:32:23.678049,,,,,,f,,{},3QJOXOW4XLF4HDLWZ7V1AM76IRDEM0,AssignmentSubmitted
41,2019-09-30 14:32:24.008718,,,,,,f,,{},3NAPMVF0ZY3T1U2T2HYBP31RQZS72G,AssignmentSubmitted
42,2019-09-30 14:32:24.073719,,,,,,f,,{},3PZDLQMM0V9ZDBXPTY6M5PT5RAJC2E,AssignmentSubmitted
43,2019-09-30 14:32:28.364912,,,,,,f,,{},3Z7EFSHGNB20ER0MHNRFVFN14KSXCK,AssignmentAccepted
44,2019-09-30 14:32:28.37134,,,,,,f,,{},3FIJLY1B6WS28UI5MY7Z98M1ZYBPFZ,AssignmentAccepted
45,2019-09-30 14:32:29.693281,,,,,,f,,{},340UGXU9D0P4WWCR3ZBX10CMV9RUVO,AssignmentAccepted
46,2019-09-30 14:32:37.385759,,,,,,f,,{},37Z929RLGBW94RGY9ZGILH6DDRQSTQ,AssignmentAccepted
47,2019-09-30 14:34:38.942792,,,,,,f,,{},379J5II41Q4KBV3BZVUMA9SHIMNELY,AssignmentAccepted
48,2019-09-30 14:34:38.988046,,,,,,f,,{},379J5II41Q4KBV3BZVUMA9SHIMNELY,AssignmentReturned
49,2019-09-30 14:35:23.714342,,,,,,f,,{},3Z4XG4ZF4AFY2OA90BBATTRIESYX83,AssignmentReturned
50,2019-09-30 14:35:51.855003,,,,,,f,,{},3Z4XG4ZF4AFY2OA90BBATTRIESYX83,AssignmentAccepted
51,2019-09-30 14:36:43.787976,,,,,,f,,{},3RRCEFRB7O0Q6KK6JCTFNKKLT3F4BV,AssignmentSubmitted
52,2019-09-30 14:37:26.468581,,,,,,f,,{},32Q90QCQ1U99RPLTEVILV9F2TMIEKV,AssignmentAbandoned
53,2019-09-30 14:37:34.197212,,,,,,f,,{},32Q90QCQ1U99RPLTEVILV9F2TMIEKV,AssignmentAccepted
54,2019-09-30 14:47:46.80702,,,,,,f,,{},379J5II41Q4KBV3BZVUMA9SHIMNELY,AssignmentSubmitted
55,2019-09-30 14:52:30.166457,,,,,,f,,{},3FIJLY1B6WS28UI5MY7Z98M1ZYBPFZ,AssignmentSubmitted
56,2019-09-30 14:52:30.220069,,,,,,f,,{},3Z7EFSHGNB20ER0MHNRFVFN14KSXCK,AssignmentSubmitted
57,2019-09-30 14:52:43.731325,,,,,,f,,{},3KIBXJ1WD7IV3GYI89LH0L9GXP3KOM,AssignmentAccepted
58,2019-09-30 14:56:32.514096,,,,,,f,,{},340UGXU9D0P4WWCR3ZBX10CMV9RUVO,AssignmentAbandoned
59,2019-09-30 14:56:35.200742,,,,,,f,,{},340UGXU9D0P4WWCR3ZBX10CMV9RUVO,AssignmentAccepted
60,2019-09-30 14:57:01.425928,,,,,,f,,{},37Z929RLGBW94RGY9ZGILH6DDRQSTQ,AssignmentAccepted
61,2019-09-30 14:57:01.438305,,,,,,f,,{},37Z929RLGBW94RGY9ZGILH6DDRQSTQ,AssignmentAbandoned
62,2019-09-30 15:00:04.100253,,,,,,f,,{},3Z4XG4ZF4AFY2OA90BBATTRIESYX83,AssignmentAbandoned
63,2019-09-30 15:00:42.992248,,,,,,f,,{},3WLEIWSYHQ5QUJ85FQKNGGQL4362HX,AssignmentAccepted
64,2019-09-30 15:01:50.581205,,,,,,f,,{},32Q90QCQ1U99RPLTEVILV9F2TMIEKV,AssignmentAbandoned
65,2019-09-30 15:01:56.457879,,,,,,f,,{},32Q90QCQ1U99RPLTEVILV9F2TMIEKV,AssignmentAccepted
66,2019-09-30 15:11:59.817086,,,,,,f,,{},32Q90QCQ1U99RPLTEVILV9F2TMIEKV,AssignmentSubmitted
67,2019-09-30 15:12:24.764825,,,,,,f,,{},3WLEIWSYHQ5QUJ85FQKNGGQL4362HX,AssignmentSubmitted
68,2019-09-30 15:13:34.740946,,,,,,f,,{},3KIBXJ1WD7IV3GYI89LH0L9GXP3KOM,AssignmentReturned
69,2019-09-30 15:13:40.821626,,,,,,f,,{},3KIBXJ1WD7IV3GYI89LH0L9GXP3KOM,AssignmentAccepted
70,2019-09-30 15:18:07.766993,,,,,,f,,{},37Z929RLGBW94RGY9ZGILH6DDRQSTQ,AssignmentSubmitted
71,2019-09-30 15:19:53.816292,,,,,,f,,{},3KIBXJ1WD7IV3GYI89LH0L9GXP3KOM,AssignmentReturned
72,2019-09-30 15:20:11.282854,,,,,,f,,{},3KIBXJ1WD7IV3GYI89LH0L9GXP3KOM,AssignmentAccepted
73,2019-09-30 15:20:50.535327,,,,,,f,,{},340UGXU9D0P4WWCR3ZBX10CMV9RUVO,AssignmentAbandoned
74,2019-09-30 15:21:00.847776,,,,,,f,,{},340UGXU9D0P4WWCR3ZBX10CMV9RUVO,AssignmentAccepted
75,2019-09-30 15:32:50.057108,,,,,,f,,{},340UGXU9D0P4WWCR3ZBX10CMV9RUVO,AssignmentSubmitted
77,2019-09-30 15:42:08.766559,,,,,,f,,{},3KIBXJ1WD7IV3GYI89LH0L9GXP3KOM,AssignmentAccepted
79,2019-09-30 15:50:21.91668,,,,,,f,,{},31T4R4OBOU46ZCUVZANH1GAD2R07CM,AssignmentAccepted
81,2019-09-30 15:50:22.750616,,,,,,f,,{},3BWI6RSP7IXLWAE9V1TCR4AGN3D7EF,AssignmentAccepted
84,2019-09-30 15:50:23.496386,,,,,,f,,{},3PB5A5BD0XUJGOA01WJ0R7VS0JS7GW,AssignmentAccepted
86,2019-09-30 15:50:24.242317,,,,,,f,,{},3QEMNNSB2ZNG4409Z6ISLMSVNRC7DM,AssignmentAccepted
89,2019-09-30 15:50:24.500155,,,,,,f,,{},3C8HJ7UOP9I2S8CSVU9EVW8O6YGZMN,AssignmentAccepted
92,2019-09-30 15:50:26.057358,,,,,,f,,{},3NAPMVF0ZY3T1U2T2HYBP31RQ0N278,AssignmentAccepted
95,2019-09-30 15:51:25.196774,,,,,,f,,{},3JW0YLFXRV4U3P11O9VU5QGXNYQWWL,AssignmentReturned
98,2019-09-30 15:56:23.501035,,,,,,f,,{},3JW0YLFXRV4U3P11O9VU5QGXNYQWWL,AssignmentSubmitted
101,2019-09-30 15:57:47.399088,,,,,,f,,{},3TS1AR6UQS2D2OE5QCDI9MVGZ4S7FX,AssignmentSubmitted
104,2019-09-30 16:00:53.721976,,,,,,f,,{},3TYCR1GOTE7IMQU7VI8ZVJTZ6TQZLL,AssignmentSubmitted
107,2019-09-30 16:04:16.178974,,,,,,f,,{},3C8HJ7UOP9I2S8CSVU9EVW8O6YGZMN,AssignmentSubmitted
76,2019-09-30 15:41:37.200539,,,,,,f,,{},3KIBXJ1WD7IV3GYI89LH0L9GXP3KOM,AssignmentReturned
78,2019-09-30 15:50:18.791301,,,,,,f,,{},3KIBXJ1WD7IV3GYI89LH0L9GXP3KOM,AssignmentSubmitted
80,2019-09-30 15:50:22.709153,,,,,,f,,{},3FE2ERCCZZWWE7VYL1QPW2VFRZOPO7,AssignmentAccepted
82,2019-09-30 15:50:22.786984,,,,,,f,,{},3JW0YLFXRV4U3P11O9VU5QGXNYQWWL,AssignmentAccepted
83,2019-09-30 15:50:22.830268,,,,,,f,,{},3TS1AR6UQS2D2OE5QCDI9MVGZ4S7FX,AssignmentAccepted
85,2019-09-30 15:50:24.035851,,,,,,f,,{},3RJSC4XJ12I7IGLWZ1F08VUG2W850C,AssignmentAccepted
87,2019-09-30 15:50:24.265148,,,,,,f,,{},3Q5C1WP23OP7P56EVKJ0M0DQ7OE51F,AssignmentAccepted
88,2019-09-30 15:50:24.492307,,,,,,f,,{},3KRVW3HTZP95RWQE02F6Z3BLJJGMS5,AssignmentAccepted
90,2019-09-30 15:50:24.620089,,,,,,f,,{},3Y54SXRO1N9PJ482Y4BI0IO1YOXTUT,AssignmentAccepted
91,2019-09-30 15:50:24.734044,,,,,,f,,{},33UKMF931B8AJRTDYZL8VM2ZFAQTT2,AssignmentAccepted
93,2019-09-30 15:50:32.918159,,,,,,f,,{},3TYCR1GOTE7IMQU7VI8ZVJTZ6TQZLL,AssignmentAccepted
94,2019-09-30 15:51:25.186562,,,,,,f,,{},3JW0YLFXRV4U3P11O9VU5QGXNYQWWL,AssignmentAccepted
96,2019-09-30 15:55:42.547506,,,,,,f,,{},3KRVW3HTZP95RWQE02F6Z3BLJJGMS5,AssignmentSubmitted
97,2019-09-30 15:55:59.192666,,,,,,f,,{},3KYQYYSHYXVNPAS8GSZUW8EQDGNODU,AssignmentAccepted
99,2019-09-30 15:57:19.039298,,,,,,f,,{},3BWI6RSP7IXLWAE9V1TCR4AGN3D7EF,AssignmentSubmitted
100,2019-09-30 15:57:29.524955,,,,,,f,,{},3QEMNNSB2ZNG4409Z6ISLMSVNRC7DM,AssignmentSubmitted
102,2019-09-30 15:57:56.044067,,,,,,f,,{},38SKSKU7R3LWR05XVEKDVOQ9AGRLID,AssignmentAccepted
103,2019-09-30 15:58:40.033329,,,,,,f,,{},3PB5A5BD0XUJGOA01WJ0R7VS0JS7GW,AssignmentSubmitted
105,2019-09-30 16:01:51.633774,,,,,,f,,{},3NAPMVF0ZY3T1U2T2HYBP31RQ0N278,AssignmentSubmitted
106,2019-09-30 16:03:52.439279,,,,,,f,,{},3FE2ERCCZZWWE7VYL1QPW2VFRZOPO7,AssignmentSubmitted
108,2019-09-30 16:08:31.048323,,,,,,f,,{},3KYQYYSHYXVNPAS8GSZUW8EQDGNODU,AssignmentSubmitted
109,2019-09-30 16:08:41.120664,,,,,,f,,{},3Q5C1WP23OP7P56EVKJ0M0DQ7OE51F,AssignmentReturned
110,2019-09-30 16:09:02.877727,,,,,,f,,{},3Q5C1WP23OP7P56EVKJ0M0DQ7OE51F,AssignmentAccepted
111,2019-09-30 16:10:33.42241,,,,,,f,,{},33UKMF931B8AJRTDYZL8VM2ZFAQTT2,AssignmentSubmitted
112,2019-09-30 16:10:55.083873,,,,,,f,,{},3RJSC4XJ12I7IGLWZ1F08VUG2W850C,AssignmentSubmitted
113,2019-09-30 16:12:51.519798,,,,,,f,,{},3Y54SXRO1N9PJ482Y4BI0IO1YOXTUT,AssignmentSubmitted
114,2019-09-30 16:14:31.563164,,,,,,f,,{},31T4R4OBOU46ZCUVZANH1GAD2R07CM,AssignmentAbandoned
115,2019-09-30 16:14:48.453617,,,,,,f,,{},31T4R4OBOU46ZCUVZANH1GAD2R07CM,AssignmentAccepted
116,2019-09-30 16:18:26.880809,,,,,,f,,{},38SKSKU7R3LWR05XVEKDVOQ9AGRLID,AssignmentReturned
117,2019-09-30 16:18:37.107646,,,,,,f,,{},38SKSKU7R3LWR05XVEKDVOQ9AGRLID,AssignmentAccepted
118,2019-09-30 16:26:40.223092,,,,,,f,,{},3Q5C1WP23OP7P56EVKJ0M0DQ7OE51F,AssignmentSubmitted
119,2019-09-30 16:27:43.332862,,,,,,f,,{},38SKSKU7R3LWR05XVEKDVOQ9AGRLID,AssignmentSubmitted
120,2019-09-30 16:30:39.028016,,,,,,f,,{},31T4R4OBOU46ZCUVZANH1GAD2R07CM,AssignmentSubmitted
121,2019-09-30 16:30:42.981394,,,,,,f,,{},35USIKEBNT46MGDH5QR3BD4T6L66NI,AssignmentAccepted
122,2019-09-30 16:30:43.00407,,,,,,f,,{},36AHBNMV1T0ZJOWAMF8SYZCSRRXDY7,AssignmentAccepted
123,2019-09-30 16:30:44.488398,,,,,,f,,{},3WQQ9FUS6CIRPL78VFJS4W0QVRIB8K,AssignmentAccepted
124,2019-09-30 16:30:44.492053,,,,,,f,,{},3AMYWKA6YDAO41DT65RGQ24YWVB6OX,AssignmentAccepted
125,2019-09-30 16:30:44.512596,,,,,,f,,{},3IXQG4FA2VMR3QQI07P64SV1FX0B99,AssignmentAccepted
126,2019-09-30 16:30:44.592664,,,,,,f,,{},32SCWG5HIJS6P1PUL54VF29O6076PE,AssignmentAccepted
127,2019-09-30 16:30:44.597495,,,,,,f,,{},3IHR8NYAM9PSAELG2HBGI4PAA914PR,AssignmentAccepted
128,2019-09-30 16:30:44.600789,,,,,,f,,{},3483FV8BEG7AXUOOJ7TJJP1VVQF26N,AssignmentAccepted
129,2019-09-30 16:30:47.094693,,,,,,f,,{},3B1NLC6UG1K8MUE0XIDHRTMD0EAGPQ,AssignmentAccepted
130,2019-09-30 16:30:54.183502,,,,,,f,,{},3EWIJTFFVQV7EZEPA283CP0TFQJE00,AssignmentAccepted
131,2019-09-30 16:30:55.133815,,,,,,f,,{},3EICBYG646KZJ7VX0JCE46FMTNCJCJ,AssignmentAccepted
132,2019-09-30 16:30:55.145662,,,,,,f,,{},3GS6S824SSL4GVSNW8479736UNYWN8,AssignmentAccepted
133,2019-09-30 16:30:55.154635,,,,,,f,,{},37M28K1J0S1BQSYZG5GNYBPYTKRJAH,AssignmentAccepted
134,2019-09-30 16:30:55.167425,,,,,,f,,{},3VP0C6EFSIK04YSHTPC3YYFT1VW6MI,AssignmentAccepted
135,2019-09-30 16:30:55.29351,,,,,,f,,{},3OSWBBLG1GLAJJ60HJMQFL5JPL3DX1,AssignmentAccepted
136,2019-09-30 16:31:58.456117,,,,,,f,,{},3EICBYG646KZJ7VX0JCE46FMTNCJCJ,AssignmentReturned
137,2019-09-30 16:32:12.53371,,,,,,f,,{},3EICBYG646KZJ7VX0JCE46FMTNCJCJ,AssignmentAccepted
138,2019-09-30 16:35:57.169093,,,,,,f,,{},3EWIJTFFVQV7EZEPA283CP0TFQJE00,AssignmentSubmitted
139,2019-09-30 16:36:59.628915,,,,,,f,,{},3IXQG4FA2VMR3QQI07P64SV1FX0B99,AssignmentSubmitted
140,2019-09-30 16:37:52.372733,,,,,,f,,{},3AMYWKA6YDAO41DT65RGQ24YWVB6OX,AssignmentSubmitted
141,2019-09-30 16:38:07.537776,,,,,,f,,{},3B1NLC6UG1K8MUE0XIDHRTMD0EAGPQ,AssignmentSubmitted
142,2019-09-30 16:38:49.508908,,,,,,f,,{},32SCWG5HIJS6P1PUL54VF29O6076PE,AssignmentSubmitted
143,2019-09-30 16:41:36.283215,,,,,,f,,{},3WQQ9FUS6CIRPL78VFJS4W0QVRIB8K,AssignmentSubmitted
144,2019-09-30 16:43:03.231353,,,,,,f,,{},3GS6S824SSL4GVSNW8479736UNYWN8,AssignmentSubmitted
145,2019-09-30 16:43:53.836056,,,,,,f,,{},36AHBNMV1T0ZJOWAMF8SYZCSRRXDY7,AssignmentSubmitted
146,2019-09-30 16:47:58.945139,,,,,,f,,{},3EICBYG646KZJ7VX0JCE46FMTNCJCJ,AssignmentSubmitted
147,2019-09-30 16:48:34.938319,,,,,,f,,{},35USIKEBNT46MGDH5QR3BD4T6L66NI,AssignmentReturned
148,2019-09-30 16:49:05.347887,,,,,,f,,{},35BLDD71I8LLIV619MA5ISR1XSAVZK,AssignmentAccepted
149,2019-09-30 16:50:07.576909,,,,,,f,,{},3483FV8BEG7AXUOOJ7TJJP1VVQF26N,AssignmentSubmitted
150,2019-09-30 16:50:13.607147,,,,,,f,,{},32VNZTT0A9SDMR1VF9F5NZPPBRV4RP,AssignmentAccepted
151,2019-09-30 16:50:21.588582,,,,,,f,,{},32VNZTT0A9SDMR1VF9F5NZPPBRV4RP,AssignmentReturned
152,2019-09-30 16:51:08.958115,,,,,,f,,{},3C5W7UE9CHEDNDCDUCLTYBSDYZ1MXY,AssignmentAccepted
153,2019-09-30 16:52:14.702119,,,,,,f,,{},3VP0C6EFSIK04YSHTPC3YYFT1VW6MI,AssignmentReturned
154,2019-09-30 16:52:29.766777,,,,,,f,,{},3VP0C6EFSIK04YSHTPC3YYFT1VW6MI,AssignmentAccepted
155,2019-09-30 16:53:19.600391,,,,,,f,,{},3IHR8NYAM9PSAELG2HBGI4PAA914PR,AssignmentSubmitted
156,2019-09-30 16:54:49.468744,,,,,,f,,{},3OSWBBLG1GLAJJ60HJMQFL5JPL3DX1,AssignmentAbandoned
157,2019-09-30 16:54:49.521896,,,,,,f,,{},37M28K1J0S1BQSYZG5GNYBPYTKRJAH,AssignmentAbandoned
158,2019-09-30 16:55:00.310955,,,,,,f,,{},37M28K1J0S1BQSYZG5GNYBPYTKRJAH,AssignmentAccepted
159,2019-09-30 16:55:00.313302,,,,,,f,,{},3OSWBBLG1GLAJJ60HJMQFL5JPL3DX1,AssignmentAccepted
160,2019-09-30 17:01:15.180701,,,,,,f,,{},3C5W7UE9CHEDNDCDUCLTYBSDYZ1MXY,AssignmentSubmitted
161,2019-09-30 17:03:30.063123,,,,,,f,,{},3OSWBBLG1GLAJJ60HJMQFL5JPL3DX1,AssignmentSubmitted
164,2019-09-30 17:07:54.335645,,,,,,f,,{},35BLDD71I8LLIV619MA5ISR1XSAVZK,AssignmentSubmitted
167,2019-09-30 17:26:25.768004,,,,,,f,,{},3YMTUJH0DU4Q26ENJYK0NEQ7ZC34TD,AssignmentAccepted
170,2019-09-30 17:26:26.456213,,,,,,f,,{},3IKZ72A5B642596S6JU75JH6ZKPNFI,AssignmentAccepted
173,2019-09-30 17:26:27.027991,,,,,,f,,{},3QEMNNSB2ZNG4409Z6ISLMSVNS57DH,AssignmentAccepted
176,2019-09-30 17:26:28.125389,,,,,,f,,{},3E337GFOLBW8J92NH30PN4HI0ZPNGH,AssignmentAccepted
179,2019-09-30 17:26:39.633746,,,,,,f,,{},3R8YZBNQ9J6ATD4E4SOCLLZU67TQ74,AssignmentAccepted
162,2019-09-30 17:06:24.180507,,,,,,f,,{},37M28K1J0S1BQSYZG5GNYBPYTKRJAH,AssignmentReturned
165,2019-09-30 17:09:19.793722,,,,,,f,,{},3VP0C6EFSIK04YSHTPC3YYFT1VW6MI,AssignmentSubmitted
166,2019-09-30 17:26:22.472389,,,,,,f,,{},37M28K1J0S1BQSYZG5GNYBPYTKRJAH,AssignmentSubmitted
169,2019-09-30 17:26:26.432914,,,,,,f,,{},3W92K5RLWW5NBHMC2Y3PTOK6WTDV5O,AssignmentAccepted
172,2019-09-30 17:26:27.027349,,,,,,f,,{},3RKNTXVS3OMLNAFEDYTJS90FBNIA4Y,AssignmentAccepted
175,2019-09-30 17:26:28.112812,,,,,,f,,{},3BWI6RSP7IXLWAE9V1TCR4AGN467EA,AssignmentAccepted
178,2019-09-30 17:26:33.347809,,,,,,f,,{},39GXDJN2OV26YZ5E0WAS58UXYJEV8Q,AssignmentAccepted
181,2019-09-30 17:27:05.099547,,,,,,f,,{},3I33IC7ZWHQBKW0R9KAVZU3HR9MA22,AssignmentAccepted
163,2019-09-30 17:06:50.627113,,,,,,f,,{},37M28K1J0S1BQSYZG5GNYBPYTKRJAH,AssignmentAccepted
168,2019-09-30 17:26:26.272648,,,,,,f,,{},3UXUOQ9OKGLI6XXXFWRQVLKP2P87AF,AssignmentAccepted
171,2019-09-30 17:26:26.487019,,,,,,f,,{},3OS46CRSLHNJULMQ7HDULUY6SOOV64,AssignmentAccepted
174,2019-09-30 17:26:27.079234,,,,,,f,,{},3TXD01ZLD6552JTCJ3AASAC9IQA4U4,AssignmentAccepted
177,2019-09-30 17:26:33.324408,,,,,,f,,{},34Q075JO1Z18UYKDYEDO55HZQHW01K,AssignmentAccepted
180,2019-09-30 17:26:49.983029,,,,,,f,,{},3U5JL4WY5MXXJNN7O8LXCHBDC8R4XW,AssignmentAccepted
182,2019-09-30 17:27:28.296726,,,,,,f,,{},3UXUOQ9OKGLI6XXXFWRQVLKP2P87AF,AssignmentReturned
183,2019-09-30 17:27:28.347938,,,,,,f,,{},3UXUOQ9OKGLI6XXXFWRQVLKP2P87AF,AssignmentAccepted
184,2019-09-30 17:29:56.453927,,,,,,f,,{},3IKZ72A5B642596S6JU75JH6ZKPNFI,AssignmentReturned
185,2019-09-30 17:30:04.414069,,,,,,f,,{},3IKZ72A5B642596S6JU75JH6ZKPNFI,AssignmentAccepted
186,2019-09-30 17:30:07.528104,,,,,,f,,{},3UXUOQ9OKGLI6XXXFWRQVLKP2P87AF,AssignmentReturned
187,2019-09-30 17:30:27.349955,,,,,,f,,{},3E337GFOLBW8J92NH30PN4HI0ZPNGH,AssignmentSubmitted
188,2019-09-30 17:30:33.462052,,,,,,f,,{},3UXUOQ9OKGLI6XXXFWRQVLKP2P87AF,AssignmentAccepted
189,2019-09-30 17:30:36.048616,,,,,,f,,{},3W92K5RLWW5NBHMC2Y3PTOK6WTDV5O,AssignmentSubmitted
190,2019-09-30 17:30:58.141984,,,,,,f,,{},3R8YZBNQ9J6ATD4E4SOCLLZU67TQ74,AssignmentReturned
191,2019-09-30 17:31:19.500029,,,,,,f,,{},3R8YZBNQ9J6ATD4E4SOCLLZU67TQ74,AssignmentAccepted
192,2019-09-30 17:31:46.71332,,,,,,f,,"{""feedback"": ""I read the text, then as I started to type my answer that page just vanished.  I am not sure what happen but would of liked to finish.  Thanks."", ""error_text"": ""There has been an error and so you are unable to continue, sorry!"", ""error_type"": ""already_started_exp_mturk"", ""request_data"": {""hit_id"": null, ""worker_id"": null, ""participant_id"": null}}",unknown,ExperimentError
193,2019-09-30 17:31:57.66443,,,,,,f,,{},3U5JL4WY5MXXJNN7O8LXCHBDC8R4XW,AssignmentReturned
194,2019-09-30 17:32:27.886869,,,,,,f,,{},3U5JL4WY5MXXJNN7O8LXCHBDC8R4XW,AssignmentAccepted
195,2019-09-30 17:35:44.080388,,,,,,f,,{},3UXUOQ9OKGLI6XXXFWRQVLKP2P87AF,AssignmentSubmitted
196,2019-09-30 17:36:03.324078,,,,,,f,,{},3R8YZBNQ9J6ATD4E4SOCLLZU67TQ74,AssignmentSubmitted
197,2019-09-30 17:36:07.211707,,,,,,f,,{},3QEMNNSB2ZNG4409Z6ISLMSVNS57DH,AssignmentReturned
198,2019-09-30 17:36:12.815195,,,,,,f,,{},38JBBYETQQYODNWQT3V5OSQ6W2J4EQ,AssignmentAccepted
199,2019-09-30 17:36:14.099351,,,,,,f,,{},3QEMNNSB2ZNG4409Z6ISLMSVNS57DH,AssignmentAccepted
200,2019-09-30 17:36:32.171659,,,,,,f,,{},3RKNTXVS3OMLNAFEDYTJS90FBNIA4Y,AssignmentSubmitted
201,2019-09-30 17:38:33.368881,,,,,,f,,{},34Q075JO1Z18UYKDYEDO55HZQHW01K,AssignmentReturned
202,2019-09-30 17:38:42.842487,,,,,,f,,{},34Q075JO1Z18UYKDYEDO55HZQHW01K,AssignmentAccepted
203,2019-09-30 17:39:44.231363,,,,,,f,,{},3U5JL4WY5MXXJNN7O8LXCHBDC8R4XW,AssignmentSubmitted
204,2019-09-30 17:44:11.399652,,,,,,f,,{},39GXDJN2OV26YZ5E0WAS58UXYJEV8Q,AssignmentSubmitted
205,2019-09-30 17:47:43.883793,,,,,,f,,{},34Q075JO1Z18UYKDYEDO55HZQHW01K,AssignmentSubmitted
206,2019-09-30 17:48:09.432624,,,,,,f,,{},3OS46CRSLHNJULMQ7HDULUY6SOOV64,AssignmentReturned
207,2019-09-30 17:48:09.471147,,,,,,f,,{},3OS46CRSLHNJULMQ7HDULUY6SOOV64,AssignmentAccepted
208,2019-09-30 17:50:33.459488,,,,,,f,,{},3YMTUJH0DU4Q26ENJYK0NEQ7ZC34TD,AssignmentAbandoned
209,2019-09-30 17:50:35.631834,,,,,,f,,{},3TXD01ZLD6552JTCJ3AASAC9IQA4U4,AssignmentAbandoned
210,2019-09-30 17:50:35.706208,,,,,,f,,{},3TXD01ZLD6552JTCJ3AASAC9IQA4U4,AssignmentAccepted
211,2019-09-30 17:50:41.709789,,,,,,f,,{},3YMTUJH0DU4Q26ENJYK0NEQ7ZC34TD,AssignmentAccepted
212,2019-09-30 17:50:44.036317,,,,,,f,,{},3BWI6RSP7IXLWAE9V1TCR4AGN467EA,AssignmentAccepted
213,2019-09-30 17:50:44.19487,,,,,,f,,{},3BWI6RSP7IXLWAE9V1TCR4AGN467EA,AssignmentAbandoned
214,2019-09-30 17:50:52.694241,,,,,,f,,{},3I33IC7ZWHQBKW0R9KAVZU3HR9MA22,AssignmentSubmitted
215,2019-09-30 17:53:21.896188,,,,,,f,,"{""feedback"": ""The page is loading blank on my PC, and this error page is appearing on my mobile device."", ""error_text"": ""There has been an error and so you are unable to continue, sorry!"", ""error_type"": ""browser_type_not_allowed"", ""request_data"": {""hit_id"": null, ""worker_id"": null, ""participant_id"": null}}",unknown,ExperimentError
216,2019-09-30 17:54:09.434959,,,,,,f,,{},3IKZ72A5B642596S6JU75JH6ZKPNFI,AssignmentAbandoned
217,2019-09-30 17:54:25.551832,,,,,,f,,{},3TXD01ZLD6552JTCJ3AASAC9IQA4U4,AssignmentReturned
218,2019-09-30 17:54:28.903025,,,,,,f,,{},3IKZ72A5B642596S6JU75JH6ZKPNFI,AssignmentAccepted
219,2019-09-30 17:54:36.195433,,,,,,f,,{},3TXD01ZLD6552JTCJ3AASAC9IQA4U4,AssignmentAccepted
220,2019-09-30 17:55:24.272523,,,,,,f,,{},3OS46CRSLHNJULMQ7HDULUY6SOOV64,AssignmentSubmitted
221,2019-09-30 17:55:48.385527,,,,,,f,,{},3BWI6RSP7IXLWAE9V1TCR4AGN467EA,AssignmentReturned
222,2019-09-30 17:55:57.113368,,,,,,f,,{},3BWI6RSP7IXLWAE9V1TCR4AGN467EA,AssignmentAccepted
223,2019-09-30 17:57:24.656595,,,,,,f,,{},3YMTUJH0DU4Q26ENJYK0NEQ7ZC34TD,AssignmentSubmitted
224,2019-09-30 17:57:32.215608,,,,,,f,,{},3TXD01ZLD6552JTCJ3AASAC9IQA4U4,AssignmentReturned
225,2019-09-30 17:58:02.953838,,,,,,f,,{},3TXD01ZLD6552JTCJ3AASAC9IQA4U4,AssignmentAccepted
226,2019-09-30 17:59:36.438338,,,,,,f,,{},3QEMNNSB2ZNG4409Z6ISLMSVNS57DH,AssignmentSubmitted
227,2019-09-30 18:00:33.635839,,,,,,f,,{},38JBBYETQQYODNWQT3V5OSQ6W2J4EQ,AssignmentAbandoned
228,2019-09-30 18:00:50.258794,,,,,,f,,{},38JBBYETQQYODNWQT3V5OSQ6W2J4EQ,AssignmentAccepted
229,2019-09-30 18:05:55.369809,,,,,,f,,{},3TXD01ZLD6552JTCJ3AASAC9IQA4U4,AssignmentReturned
230,2019-09-30 18:06:09.613425,,,,,,f,,{},3TXD01ZLD6552JTCJ3AASAC9IQA4U4,AssignmentAccepted
231,2019-09-30 18:06:23.753128,,,,,,f,,{},3BWI6RSP7IXLWAE9V1TCR4AGN467EA,AssignmentSubmitted
232,2019-09-30 18:07:28.700174,,,,,,f,,{},3IKZ72A5B642596S6JU75JH6ZKPNFI,AssignmentSubmitted
233,2019-09-30 18:15:00.386774,,,,,,f,,{},3TXD01ZLD6552JTCJ3AASAC9IQA4U4,AssignmentSubmitted
234,2019-09-30 18:20:32.651801,,,,,,f,,{},38JBBYETQQYODNWQT3V5OSQ6W2J4EQ,AssignmentSubmitted
235,2019-09-30 18:20:41.205103,,,,,,f,,{},3J2UYBXQQN031KLA4KP5018GYTS060,AssignmentAccepted
236,2019-09-30 18:20:44.23258,,,,,,f,,{},3R2PKQ87NYWGXINIVQLSV15YANOIMN,AssignmentAccepted
237,2019-09-30 18:20:44.265388,,,,,,f,,{},3WQ3B2KGEA49ELNNWUADPMDIHM9B1Z,AssignmentAccepted
238,2019-09-30 18:20:44.274986,,,,,,f,,{},3LOTDFNYA9NSS3F6YKLU12UXSXAFWK,AssignmentAccepted
239,2019-09-30 18:20:44.314372,,,,,,f,,{},339ANSOTR7QL7UNFAE8CGODULITIKI,AssignmentAccepted
240,2019-09-30 18:20:45.121191,,,,,,f,,{},3WYGZ5XF3Y3A18QBFQ2QKQJHUGVKSC,AssignmentAccepted
241,2019-09-30 18:20:45.179008,,,,,,f,,{},3RJSC4XJ12I7IGLWZ1F08VUG2YH05K,AssignmentAccepted
242,2019-09-30 18:20:45.196477,,,,,,f,,{},3W2LOLRXLD3Y0TQY012LUGEL8ECKRO,AssignmentAccepted
243,2019-09-30 18:20:45.202819,,,,,,f,,{},3I2PTA7R3VIYOSBYNMDLPQ4GCSAKQN,AssignmentAccepted
244,2019-09-30 18:20:47.448676,,,,,,f,,{},38SKSKU7R3LWR05XVEKDVOQ9AIYILL,AssignmentAccepted
247,2019-09-30 18:20:47.592928,,,,,,f,,{},39OWYR0EPMFWH8A6DL3IMZFD35AFYJ,AssignmentAccepted
248,2019-09-30 18:20:49.737723,,,,,,f,,{},3LRKMWOKB75CL48ZLCQUGNUQ0V92ZD,AssignmentAccepted
245,2019-09-30 18:20:47.465493,,,,,,f,,{},3RXCAC0YITDNG2FJB1B657RNB578GX,AssignmentAccepted
249,2019-09-30 18:20:49.738393,,,,,,f,,{},32ZKVD547HB5OO12JYOWDFSFF6NB3R,AssignmentAccepted
246,2019-09-30 18:20:47.526234,,,,,,f,,{},3COPXFW7XD0DOGAJN9YWPLE67WOKPW,AssignmentAccepted
250,2019-09-30 18:22:03.493901,,,,,,f,,{},39OWYR0EPMFWH8A6DL3IMZFD35AFYJ,AssignmentReturned
251,2019-09-30 18:22:41.765715,,,,,,f,,{},39OWYR0EPMFWH8A6DL3IMZFD35AFYJ,AssignmentAccepted
252,2019-09-30 18:24:42.812705,,,,,,f,,{},3RJSC4XJ12I7IGLWZ1F08VUG2YH05K,AssignmentAccepted
253,2019-09-30 18:24:42.867377,,,,,,f,,{},3RJSC4XJ12I7IGLWZ1F08VUG2YH05K,AssignmentReturned
254,2019-09-30 18:28:22.140216,,,,,,f,,{},3RXCAC0YITDNG2FJB1B657RNB578GX,AssignmentSubmitted
255,2019-09-30 18:30:22.910919,,,,,,f,,{},3LOTDFNYA9NSS3F6YKLU12UXSXAFWK,AssignmentReturned
256,2019-09-30 18:31:06.288982,,,,,,f,,{},3WYGZ5XF3Y3A18QBFQ2QKQJHUGVKSC,AssignmentSubmitted
257,2019-09-30 18:31:11.782925,,,,,,f,,{},3EKVH9QME0S9I333TU1XPVBNCD1D2R,AssignmentAccepted
258,2019-09-30 18:31:22.229716,,,,,,f,,{},39OWYR0EPMFWH8A6DL3IMZFD35AFYJ,AssignmentSubmitted
259,2019-09-30 18:32:32.03675,,,,,,f,,{},3W2LOLRXLD3Y0TQY012LUGEL8ECKRO,AssignmentSubmitted
260,2019-09-30 18:33:12.496411,,,,,,f,,{},3I2PTA7R3VIYOSBYNMDLPQ4GCSAKQN,AssignmentSubmitted
261,2019-09-30 18:33:20.812991,,,,,,f,,{},3J2UYBXQQN031KLA4KP5018GYTS060,AssignmentSubmitted
262,2019-09-30 18:34:59.023615,,,,,,f,,{},3COPXFW7XD0DOGAJN9YWPLE67WOKPW,AssignmentSubmitted
263,2019-09-30 18:36:18.421175,,,,,,f,,{},3WQ3B2KGEA49ELNNWUADPMDIHM9B1Z,AssignmentSubmitted
264,2019-09-30 18:42:20.219692,,,,,,f,,{},32ZKVD547HB5OO12JYOWDFSFF6NB3R,AssignmentSubmitted
265,2019-09-30 18:42:30.31834,,,,,,f,,{},3RJSC4XJ12I7IGLWZ1F08VUG2YH05K,AssignmentSubmitted
266,2019-09-30 18:44:47.089079,,,,,,f,,{},3LRKMWOKB75CL48ZLCQUGNUQ0V92ZD,AssignmentAbandoned
267,2019-09-30 18:44:54.681046,,,,,,f,,{},38SKSKU7R3LWR05XVEKDVOQ9AIYILL,AssignmentAbandoned
268,2019-09-30 18:44:55.667586,,,,,,f,,{},3R2PKQ87NYWGXINIVQLSV15YANOIMN,AssignmentAbandoned
269,2019-09-30 18:44:55.676258,,,,,,f,,{},339ANSOTR7QL7UNFAE8CGODULITIKI,AssignmentAbandoned
270,2019-09-30 18:45:08.966674,,,,,,f,,{},3R2PKQ87NYWGXINIVQLSV15YANOIMN,AssignmentAccepted
271,2019-09-30 18:45:08.995928,,,,,,f,,{},339ANSOTR7QL7UNFAE8CGODULITIKI,AssignmentAccepted
272,2019-09-30 18:45:22.474878,,,,,,f,,{},38SKSKU7R3LWR05XVEKDVOQ9AIYILL,AssignmentAccepted
273,2019-09-30 18:45:29.617808,,,,,,f,,{},3LJ7UR74RJ1S7T93M2YOEFKFAV24NZ,AssignmentAccepted
274,2019-09-30 18:47:21.542906,,,,,,f,,{},3LJ7UR74RJ1S7T93M2YOEFKFAV24NZ,AssignmentReturned
275,2019-09-30 18:47:41.024061,,,,,,f,,{},3LJ7UR74RJ1S7T93M2YOEFKFAV24NZ,AssignmentAccepted
276,2019-09-30 18:50:53.151516,,,,,,f,,{},38SKSKU7R3LWR05XVEKDVOQ9AIYILL,AssignmentSubmitted
277,2019-09-30 18:53:19.77409,,,,,,f,,{},3EKVH9QME0S9I333TU1XPVBNCD1D2R,AssignmentSubmitted
278,2019-09-30 18:53:51.579948,,,,,,f,,{},3LJ7UR74RJ1S7T93M2YOEFKFAV24NZ,AssignmentSubmitted
279,2019-09-30 18:53:51.709418,,,,,,f,,{},339ANSOTR7QL7UNFAE8CGODULITIKI,AssignmentSubmitted
280,2019-09-30 18:56:36.617059,,,,,,f,,"{""feedback"": ""I wasn't able to see the rest of the survey. it just led me to an error page"", ""error_text"": ""There has been an error and so you are unable to continue, sorry!"", ""error_type"": ""default"", ""request_data"": {""data"": ""{}"", ""route"": ""/node/94"", ""hit_id"": ""3IHWR4LC7E1ZP9NKBN572Z9FUO68IU"", ""method"": ""post"", ""worker_id"": ""A2SWQM5X54P1O5"", ""participant_id"": null}}",3R2PKQ87NYWGXINIVQLSV15YANOIMN,ExperimentError
281,2019-09-30 18:57:03.145307,,,,,,f,,{},3R2PKQ87NYWGXINIVQLSV15YANOIMN,AssignmentReturned
282,2019-09-30 18:57:09.13391,,,,,,f,,{},3R2PKQ87NYWGXINIVQLSV15YANOIMN,AssignmentAccepted
283,2019-09-30 18:57:44.893774,,,,,,f,,{},3R2PKQ87NYWGXINIVQLSV15YANOIMN,AssignmentReturned
284,2019-09-30 18:57:55.939768,,,,,,f,,{},3R2PKQ87NYWGXINIVQLSV15YANOIMN,AssignmentAccepted
285,2019-09-30 18:58:56.694508,,,,,,f,,"{""feedback"": ""I literally just read the instructions and hit continue"", ""error_text"": ""There has been an error and so you are unable to continue, sorry!"", ""error_type"": ""default"", ""request_data"": {""data"": ""{}"", ""route"": ""/node/95"", ""hit_id"": ""3IHWR4LC7E1ZP9NKBN572Z9FUO68IU"", ""method"": ""post"", ""worker_id"": ""A24DSECWUBZC0Z"", ""participant_id"": null}}",3R2PKQ87NYWGXINIVQLSV15YANOIMN,ExperimentError
286,2019-09-30 18:59:37.379788,,,,,,f,,"{""feedback"": ""i tried to work on the HIT. This was the second page"", ""error_text"": ""There has been an error and so you are unable to continue, sorry!"", ""error_type"": ""already_started_exp_mturk"", ""request_data"": {""hit_id"": null, ""worker_id"": null, ""participant_id"": null}}",unknown,ExperimentError
287,2019-09-30 19:04:23.659887,,,,,,f,,"{""feedback"": """", ""error_text"": ""There has been an error and so you are unable to continue, sorry!"", ""error_type"": ""already_started_exp_mturk"", ""request_data"": {""hit_id"": null, ""worker_id"": null, ""participant_id"": null}}",unknown,ExperimentError
288,2019-09-30 19:04:31.335945,,,,,,f,,{},3R2PKQ87NYWGXINIVQLSV15YANOIMN,AssignmentReturned
289,2019-09-30 19:05:02.730481,,,,,,f,,{},3SKRO2GZ73FA7ORH27N6OPW84GS1KJ,AssignmentAccepted
290,2019-09-30 19:29:12.564182,,,,,,f,,{},3SKRO2GZ73FA7ORH27N6OPW84GS1KJ,AssignmentAbandoned
291,2019-09-30 19:29:47.205426,,,,,,f,,{},3SKRO2GZ73FA7ORH27N6OPW84GS1KJ,AssignmentAccepted
292,2019-09-30 19:37:27.013224,,,,,,f,,"{""feedback"": ""I got the error right as I was supposed to go to something I needed to read."", ""error_text"": ""There has been an error and so you are unable to continue, sorry!"", ""error_type"": ""default"", ""request_data"": {""data"": ""{}"", ""route"": ""/node/96"", ""hit_id"": ""3IHWR4LC7E1ZP9NKBN572Z9FUO68IU"", ""method"": ""post"", ""worker_id"": ""A2A3WIYPZD8XSC"", ""participant_id"": null}}",3SKRO2GZ73FA7ORH27N6OPW84GS1KJ,ExperimentError
293,2019-09-30 19:37:45.923798,,,,,,f,,{},3SKRO2GZ73FA7ORH27N6OPW84GS1KJ,AssignmentReturned
294,2019-09-30 19:37:56.502642,,,,,,f,,{},3SKRO2GZ73FA7ORH27N6OPW84GS1KJ,AssignmentAccepted
295,2019-09-30 20:02:21.847801,,,,,,f,,{},3SKRO2GZ73FA7ORH27N6OPW84GS1KJ,AssignmentAbandoned
296,2019-09-30 20:02:52.956899,,,,,,f,,{},3EFE17QCRETJZIP395ZT7Y3P2ZIHSW,AssignmentAccepted
297,2019-09-30 20:12:50.879128,,,,,,f,,"{""feedback"": ""I just got an error code?"", ""error_text"": ""There has been an error and so you are unable to continue, sorry!"", ""error_type"": ""default"", ""request_data"": {""data"": ""{}"", ""route"": ""/node/97"", ""hit_id"": ""3IHWR4LC7E1ZP9NKBN572Z9FUO68IU"", ""method"": ""post"", ""worker_id"": ""A3TUCOUVSP9ZGY"", ""participant_id"": null}}",3EFE17QCRETJZIP395ZT7Y3P2ZIHSW,ExperimentError
298,2019-09-30 20:13:20.991044,,,,,,f,,"{""feedback"": ""I'm getting an error!"", ""error_text"": ""There has been an error and so you are unable to continue, sorry!"", ""error_type"": ""already_started_exp_mturk"", ""request_data"": {""hit_id"": null, ""worker_id"": null, ""participant_id"": null}}",unknown,ExperimentError
299,2019-09-30 20:13:28.260762,,,,,,f,,{},3EFE17QCRETJZIP395ZT7Y3P2ZIHSW,AssignmentReturned
300,2019-09-30 20:13:38.415684,,,,,,f,,{},3EFE17QCRETJZIP395ZT7Y3P2ZIHSW,AssignmentAccepted
302,2019-09-30 20:37:55.497012,,,,,,f,,{},3EFE17QCRETJZIP395ZT7Y3P2ZIHSW,AssignmentAbandoned
303,2019-09-30 20:38:01.399747,,,,,,f,,{},3EFE17QCRETJZIP395ZT7Y3P2ZIHSW,AssignmentAccepted
301,2019-09-30 20:14:29.205276,,,,,,f,,"{""feedback"": """", ""error_text"": ""There has been an error and so you are unable to continue, sorry!"", ""error_type"": ""default"", ""request_data"": {""data"": ""{}"", ""route"": ""/node/98"", ""hit_id"": ""3IHWR4LC7E1ZP9NKBN572Z9FUO68IU"", ""method"": ""post"", ""worker_id"": ""AQP4PHYDXRBPI"", ""participant_id"": null}}",3EFE17QCRETJZIP395ZT7Y3P2ZIHSW,ExperimentError
304,2019-09-30 20:45:28.913502,,,,,,f,,"{""feedback"": ""I accepted the hit and immediately upon opening I got this page."", ""error_text"": ""There has been an error and so you are unable to continue, sorry!"", ""error_type"": ""browser_type_not_allowed"", ""request_data"": {""hit_id"": null, ""worker_id"": null, ""participant_id"": null}}",unknown,ExperimentError
305,2019-09-30 20:45:42.137206,,,,,,f,,{},3EFE17QCRETJZIP395ZT7Y3P2ZIHSW,AssignmentReturned
307,2019-09-30 20:56:02.322091,,,,,,f,,{},384PI804XUP8OIJ7BXS81648GJU0ST,AssignmentReturned
311,2019-09-30 21:21:24.1322,,,,,,f,,{},30BUDKLTXFJ6960Q78EFTKWKW0YE5T,AssignmentAccepted
315,2019-09-30 21:56:21.362764,,,,,,f,,{},30BUDKLTXFJ6960Q78EFTKWKW0YE5T,AssignmentReturned
318,2019-09-30 22:21:27.358471,,,,,,f,,{},33LK57MYLVT5Q3PXFR50757UYQRZSY,AssignmentAccepted
306,2019-09-30 20:46:30.373876,,,,,,f,,{},384PI804XUP8OIJ7BXS81648GJU0ST,AssignmentAccepted
308,2019-09-30 20:56:34.414081,,,,,,f,,{},30BUDKLTXFJ6960Q78EFTKWKW0YE5T,AssignmentAccepted
309,2019-09-30 20:57:44.777848,,,,,,f,,"{""feedback"": ""I was taking this surve, and this happened immediately as I started. Hopefully I can participate still in the future."", ""error_text"": ""There has been an error and so you are unable to continue, sorry!"", ""error_type"": ""default"", ""request_data"": {""data"": ""{}"", ""route"": ""/node/99"", ""hit_id"": ""3IHWR4LC7E1ZP9NKBN572Z9FUO68IU"", ""method"": ""post"", ""worker_id"": ""A16KPD0UW2OPBA"", ""participant_id"": null}}",30BUDKLTXFJ6960Q78EFTKWKW0YE5T,ExperimentError
312,2019-09-30 21:45:30.698933,,,,,,f,,{},30BUDKLTXFJ6960Q78EFTKWKW0YE5T,AssignmentAbandoned
316,2019-09-30 21:57:04.99191,,,,,,f,,{},33LK57MYLVT5Q3PXFR50757UYQRZSY,AssignmentAccepted
320,2019-09-30 22:23:40.9176,,,,,,f,,{},33LK57MYLVT5Q3PXFR50757UYQRZSY,AssignmentReturned
310,2019-09-30 21:20:54.595001,,,,,,f,,{},30BUDKLTXFJ6960Q78EFTKWKW0YE5T,AssignmentAbandoned
313,2019-09-30 21:45:43.787136,,,,,,f,,{},30BUDKLTXFJ6960Q78EFTKWKW0YE5T,AssignmentAccepted
314,2019-09-30 21:55:56.396711,,,,,,f,,"{""feedback"": ""I clicked the \""Begin Experiment\"" button and another window opened.  I then clicked the \""Begin\"" button and this page appeared."", ""error_text"": ""There has been an error and so you are unable to continue, sorry!"", ""error_type"": ""default"", ""request_data"": {""data"": ""{}"", ""route"": ""/node/100"", ""hit_id"": ""3IHWR4LC7E1ZP9NKBN572Z9FUO68IU"", ""method"": ""post"", ""worker_id"": ""A30M8BK9ILSO2P"", ""participant_id"": null}}",30BUDKLTXFJ6960Q78EFTKWKW0YE5T,ExperimentError
317,2019-09-30 22:21:24.835148,,,,,,f,,{},33LK57MYLVT5Q3PXFR50757UYQRZSY,AssignmentAbandoned
319,2019-09-30 22:23:05.927744,,,,,,f,,"{""feedback"": ""I just hit the button to continue after reading the very first page as instructions. "", ""error_text"": ""There has been an error and so you are unable to continue, sorry!"", ""error_type"": ""default"", ""request_data"": {""data"": ""{}"", ""route"": ""/node/101"", ""hit_id"": ""3IHWR4LC7E1ZP9NKBN572Z9FUO68IU"", ""method"": ""post"", ""worker_id"": ""A1JVO7FLPATHUB"", ""participant_id"": null}}",33LK57MYLVT5Q3PXFR50757UYQRZSY,ExperimentError
321,2019-09-30 22:24:19.561334,,,,,,f,,{},3HL8HNGX47PHG72Y59B2NIMMUXE9FF,AssignmentAccepted
