id,creation_time,property1,property2,property3,property4,property5,failed,time_of_death,details,type,fingerprint_hash,recruiter_id,worker_id,assignment_id,unique_id,hit_id,mode,end_time,base_pay,bonus,status
1,2019-09-30 14:14:35.700028,,,,,,f,,{},participant,7d242694d7947d414587c3a4c22948c9,mturk,1,3O7L7BFSHGDILUV5ESX9IT0P1ITEIK,1:3O7L7BFSHGDILUV5ESX9IT0P1ITEIK,3IHWR4LC7E1ZP9NKBN572Z9FUO68IU,live,2019-09-30 14:17:51.582558,1.15,0.98,approved
3,2019-09-30 14:16:22.003662,,,,,,f,,{},participant,f2c8e24b9d9b666146e8ec5e80d60ae5,mturk,3,3KKG4CDWKKM7IR59LSFJWEPV53C49L,3:3KKG4CDWKKM7IR59LSFJWEPV53C49L,3IHWR4LC7E1ZP9NKBN572Z9FUO68IU,live,2019-09-30 14:18:36.551463,,,returned
6,2019-09-30 14:18:39.628548,,,,,,f,,{},participant,ff9dad88c44c2412ce3d5f6c1c7d4123,mturk,6,3LBXNTKX0TJYGTTJ53HOTPMTYYH9X5,6:3LBXNTKX0TJYGTTJ53HOTPMTYYH9X5,3IHWR4LC7E1ZP9NKBN572Z9FUO68IU,live,2019-09-30 14:23:59.04645,1.15,0.24,did_not_attend
9,2019-09-30 14:22:03.815135,,,,,,f,,{},participant,66c2f1a84a791118ab895de767b75588,mturk,9,3QJOXOW4XLF4HDLWZ7V1AM76IRDEM0,9:3QJOXOW4XLF4HDLWZ7V1AM76IRDEM0,3IHWR4LC7E1ZP9NKBN572Z9FUO68IU,live,2019-09-30 14:23:01.71997,,,returned
16,2019-09-30 14:30:05.216602,,,,,,f,,{},participant,6bacdee85a93a4af45e4f299b4fd1445,mturk,16,3QECW5O0KJP8YPINX33AS6WLZ7GT5N,16:3QECW5O0KJP8YPINX33AS6WLZ7GT5N,3IHWR4LC7E1ZP9NKBN572Z9FUO68IU,live,2019-09-30 14:32:23.306649,1.15,0.24,did_not_attend
2,2019-09-30 14:14:36.297351,,,,,,f,,{},participant,824f3dae888db5deab359b71b4d2ee45,mturk,2,3RKNTXVS3OMLNAFEDYTJS90FBLU4A0,2:3RKNTXVS3OMLNAFEDYTJS90FBLU4A0,3IHWR4LC7E1ZP9NKBN572Z9FUO68IU,live,2019-09-30 14:23:02.401556,1.15,0.98,approved
95,2019-09-30 18:58:18.027286,,,,,,f,,{},participant,33f4ab2e9312c36aef9a150630925ee4,mturk,95,3R2PKQ87NYWGXINIVQLSV15YANOIMN,95:3R2PKQ87NYWGXINIVQLSV15YANOIMN,3IHWR4LC7E1ZP9NKBN572Z9FUO68IU,live,2019-09-30 19:04:31.351163,,,returned
4,2019-09-30 14:17:19.917881,,,,,,f,,{},participant,f3c81fb9b79582c3066801c0960296a3,mturk,4,33LK57MYLVT5Q3PXFR50757UYM3ZS2,4:33LK57MYLVT5Q3PXFR50757UYM3ZS2,3IHWR4LC7E1ZP9NKBN572Z9FUO68IU,live,2019-09-30 14:27:42.086364,1.15,0.24,did_not_attend
13,2019-09-30 14:26:09.443368,,,,,,f,,{},participant,2dd90eeb043063d88e1ca10965284674,mturk,13,3PZDLQMM0V9ZDBXPTY6M5PT5RAJC2E,13:3PZDLQMM0V9ZDBXPTY6M5PT5RAJC2E,3IHWR4LC7E1ZP9NKBN572Z9FUO68IU,live,2019-09-30 14:27:46.129102,,,returned
99,2019-09-30 20:57:08.496044,,,,,,f,,{},participant,f2da37abe5ed15c3b324e1c055cf75db,mturk,99,30BUDKLTXFJ6960Q78EFTKWKW0YE5T,99:30BUDKLTXFJ6960Q78EFTKWKW0YE5T,3IHWR4LC7E1ZP9NKBN572Z9FUO68IU,live,2019-09-30 21:20:54.615216,,,abandoned
5,2019-09-30 14:17:48.756075,,,,,,f,,{},participant,ca1797288f88f095d48afbb9af503717,mturk,5,33PPUNGG3ATTPOPK025VHV2YCKKZRE,5:33PPUNGG3ATTPOPK025VHV2YCKKZRE,3IHWR4LC7E1ZP9NKBN572Z9FUO68IU,live,2019-09-30 14:23:42.117822,1.15,0.98,approved
8,2019-09-30 14:19:47.519365,,,,,,f,,{},participant,eaa4a18c2da146f3317289740ad2880b,mturk,8,3OLQQLKKNUDEG5FBWAI9UUFPEXIEJW,8:3OLQQLKKNUDEG5FBWAI9UUFPEXIEJW,3IHWR4LC7E1ZP9NKBN572Z9FUO68IU,live,2019-09-30 14:25:18.206761,1.15,0.98,approved
18,2019-09-30 14:32:01.3079,,,,,,f,,{},participant,ca7b5a580bc3f4ff74007b8c7169a574,mturk,18,3RRCEFRB7O0Q6KK6JCTFNKKLT3F4BV,18:3RRCEFRB7O0Q6KK6JCTFNKKLT3F4BV,3IHWR4LC7E1ZP9NKBN572Z9FUO68IU,live,2019-09-30 14:36:43.807134,1.15,0.98,approved
7,2019-09-30 14:19:35.09832,,,,,,f,,{},participant,412d93588b3ed90cf85fe38f6618e1ef,mturk,7,3KKG4CDWKKM7IR59LSFJWEPV53C49L,7:3KKG4CDWKKM7IR59LSFJWEPV53C49L,3IHWR4LC7E1ZP9NKBN572Z9FUO68IU,live,2019-09-30 14:25:51.36032,1.15,0.98,approved
12,2019-09-30 14:25:02.48893,,,,,,f,,{},participant,61f0010bcdffdf5eb50bb467d68dd148,mturk,12,3B837J3LDQKWOC365ABNL25VP6PSR9,12:3B837J3LDQKWOC365ABNL25VP6PSR9,3IHWR4LC7E1ZP9NKBN572Z9FUO68IU,live,2019-09-30 14:29:07.342892,1.15,0.98,approved
15,2019-09-30 14:29:40.719461,,,,,,f,,{},participant,3450e5d88ed0087ef1dc8621b514990c,mturk,15,3PZDLQMM0V9ZDBXPTY6M5PT5RAJC2E,15:3PZDLQMM0V9ZDBXPTY6M5PT5RAJC2E,3IHWR4LC7E1ZP9NKBN572Z9FUO68IU,live,2019-09-30 14:32:24.096071,1.15,0.24,did_not_attend
11,2019-09-30 14:23:38.423811,,,,,,f,,{},participant,3ae91a45987e1b106ebf119141996b90,mturk,11,3WR9XG3T65Z348HG6VHZIIYPADO74C,11:3WR9XG3T65Z348HG6VHZIIYPADO74C,3IHWR4LC7E1ZP9NKBN572Z9FUO68IU,live,2019-09-30 14:32:23.290543,1.15,0.24,did_not_attend
14,2019-09-30 14:26:23.293082,,,,,,f,,{},participant,62b4090496a10d86fa91e191e4a31753,mturk,14,3QJOXOW4XLF4HDLWZ7V1AM76IRDEM0,14:3QJOXOW4XLF4HDLWZ7V1AM76IRDEM0,3IHWR4LC7E1ZP9NKBN572Z9FUO68IU,live,2019-09-30 14:32:23.684388,1.15,0.98,approved
17,2019-09-30 14:31:55.194592,,,,,,f,,{},participant,df8f80b251629011efbfa4057acbbfaf,mturk,17,32Q90QCQ1U99RPLTEVILV9F2TMIEKV,17:32Q90QCQ1U99RPLTEVILV9F2TMIEKV,3IHWR4LC7E1ZP9NKBN572Z9FUO68IU,live,2019-09-30 14:37:26.486426,,,abandoned
10,2019-09-30 14:23:03.631219,,,,,,f,,{},participant,8aa0d0bdb1e11a1b864464436bcfda14,mturk,10,3NAPMVF0ZY3T1U2T2HYBP31RQZS72G,10:3NAPMVF0ZY3T1U2T2HYBP31RQZS72G,3IHWR4LC7E1ZP9NKBN572Z9FUO68IU,live,2019-09-30 14:32:24.019223,1.15,0.24,did_not_attend
19,2019-09-30 14:35:36.57025,,,,,,f,,{},participant,fe181d52ebd9093e9a6000fc09760aea,mturk,19,379J5II41Q4KBV3BZVUMA9SHIMNELY,19:379J5II41Q4KBV3BZVUMA9SHIMNELY,3IHWR4LC7E1ZP9NKBN572Z9FUO68IU,live,2019-09-30 14:47:46.816293,1.15,0.98,approved
20,2019-09-30 14:38:48.6694,,,,,,f,,{},participant,f9a830893043148a2837c9af5cc1a2d0,mturk,20,3FIJLY1B6WS28UI5MY7Z98M1ZYBPFZ,20:3FIJLY1B6WS28UI5MY7Z98M1ZYBPFZ,3IHWR4LC7E1ZP9NKBN572Z9FUO68IU,live,2019-09-30 14:52:30.176427,1.15,0.98,approved
23,2019-09-30 15:07:05.794314,,,,,,f,,{},participant,50afb69600fbc7dbe6cc7579344aa1a7,mturk,23,32Q90QCQ1U99RPLTEVILV9F2TMIEKV,23:32Q90QCQ1U99RPLTEVILV9F2TMIEKV,3IHWR4LC7E1ZP9NKBN572Z9FUO68IU,live,2019-09-30 15:11:59.824352,1.15,0.98,approved
21,2019-09-30 14:45:02.152682,,,,,,f,,{},participant,fee6aa7161d45a13a240553d82e0610f,mturk,21,3Z7EFSHGNB20ER0MHNRFVFN14KSXCK,21:3Z7EFSHGNB20ER0MHNRFVFN14KSXCK,3IHWR4LC7E1ZP9NKBN572Z9FUO68IU,live,2019-09-30 14:52:30.227032,1.15,0.24,did_not_attend
24,2019-09-30 15:07:15.414423,,,,,,f,,{},participant,9ef335faaba84ffe73872fbd05d1c991,mturk,24,3WLEIWSYHQ5QUJ85FQKNGGQL4362HX,24:3WLEIWSYHQ5QUJ85FQKNGGQL4362HX,3IHWR4LC7E1ZP9NKBN572Z9FUO68IU,live,2019-09-30 15:12:24.780592,1.15,0.98,approved
22,2019-09-30 15:06:41.501837,,,,,,f,,{},participant,e8d48aa8a8618b9e422b0bf059fbce59,mturk,22,37Z929RLGBW94RGY9ZGILH6DDRQSTQ,22:37Z929RLGBW94RGY9ZGILH6DDRQSTQ,3IHWR4LC7E1ZP9NKBN572Z9FUO68IU,live,2019-09-30 15:18:07.947592,1.15,0.98,approved
25,2019-09-30 15:21:21.885686,,,,,,f,,{},participant,9c64c9f1765bb6cb6a3b2a1c3831e27d,mturk,25,340UGXU9D0P4WWCR3ZBX10CMV9RUVO,25:340UGXU9D0P4WWCR3ZBX10CMV9RUVO,3IHWR4LC7E1ZP9NKBN572Z9FUO68IU,live,2019-09-30 15:32:50.062898,1.15,0.98,approved
26,2019-09-30 15:43:21.029995,,,,,,f,,{},participant,6d6557a7b3d1f2f0bffdf063a5e1f33b,mturk,26,3KIBXJ1WD7IV3GYI89LH0L9GXP3KOM,26:3KIBXJ1WD7IV3GYI89LH0L9GXP3KOM,3IHWR4LC7E1ZP9NKBN572Z9FUO68IU,live,2019-09-30 15:50:19.035286,1.15,0.98,approved
55,2019-09-30 16:48:37.053763,,,,,,f,,{},participant,80aa4cd6e4845f995c26684b051ec670,mturk,55,3IHR8NYAM9PSAELG2HBGI4PAA914PR,55:3IHR8NYAM9PSAELG2HBGI4PAA914PR,3IHWR4LC7E1ZP9NKBN572Z9FUO68IU,live,2019-09-30 16:53:19.608128,1.15,0.52,approved
77,2019-09-30 17:59:09.664777,,,,,,f,,{},participant,b4eaa5a01ff05e56575c9e79b219ff23,mturk,77,3IKZ72A5B642596S6JU75JH6ZKPNFI,77:3IKZ72A5B642596S6JU75JH6ZKPNFI,3IHWR4LC7E1ZP9NKBN572Z9FUO68IU,live,2019-09-30 18:07:28.707029,1.15,0.33,approved
30,2019-09-30 15:51:46.625625,,,,,,f,,{},participant,c10daa435c8adcd30759e99fdf6d5a06,mturk,30,3QEMNNSB2ZNG4409Z6ISLMSVNRC7DM,30:3QEMNNSB2ZNG4409Z6ISLMSVNRC7DM,3IHWR4LC7E1ZP9NKBN572Z9FUO68IU,live,2019-09-30 15:57:29.537292,1.15,0.25,approved
46,2019-09-30 16:31:11.072266,,,,,,f,,{},participant,042522e20c19091ac1187c29be3b352e,mturk,46,3IXQG4FA2VMR3QQI07P64SV1FX0B99,46:3IXQG4FA2VMR3QQI07P64SV1FX0B99,3IHWR4LC7E1ZP9NKBN572Z9FUO68IU,live,2019-09-30 16:36:59.63538,1.15,0.52,approved
71,2019-09-30 17:42:24.041026,,,,,,f,,{},participant,38693fe5d6616bad7e9a9bbb4c52cd21,mturk,71,34Q075JO1Z18UYKDYEDO55HZQHW01K,71:34Q075JO1Z18UYKDYEDO55HZQHW01K,3IHWR4LC7E1ZP9NKBN572Z9FUO68IU,live,2019-09-30 17:47:43.892707,1.15,0.2,approved
45,2019-09-30 16:31:05.000575,,,,,,f,,{},participant,594b08306749abe1072e50bde658688c,mturk,45,32SCWG5HIJS6P1PUL54VF29O6076PE,45:32SCWG5HIJS6P1PUL54VF29O6076PE,3IHWR4LC7E1ZP9NKBN572Z9FUO68IU,live,2019-09-30 16:38:49.517114,1.15,0.55,approved
31,2019-09-30 15:54:07.894346,,,,,,f,,{},participant,16c4c91660ae15d1ed9c9f2a44571674,mturk,31,3PB5A5BD0XUJGOA01WJ0R7VS0JS7GW,31:3PB5A5BD0XUJGOA01WJ0R7VS0JS7GW,3IHWR4LC7E1ZP9NKBN572Z9FUO68IU,live,2019-09-30 15:58:40.045441,1.15,0.51,approved
78,2019-09-30 18:10:38.370233,,,,,,f,,{},participant,88343490fb18f727445485c949706c39,mturk,78,3TXD01ZLD6552JTCJ3AASAC9IQA4U4,78:3TXD01ZLD6552JTCJ3AASAC9IQA4U4,3IHWR4LC7E1ZP9NKBN572Z9FUO68IU,live,2019-09-30 18:15:00.396761,1.15,0.47,approved
38,2019-09-30 15:59:28.635183,,,,,,f,,{},participant,a852e1cad97654e322773d869c154bfb,mturk,38,33UKMF931B8AJRTDYZL8VM2ZFAQTT2,38:33UKMF931B8AJRTDYZL8VM2ZFAQTT2,3IHWR4LC7E1ZP9NKBN572Z9FUO68IU,live,2019-09-30 16:10:33.435674,1.15,0.51,approved
52,2019-09-30 16:38:00.300799,,,,,,f,,{},participant,807c3eddd771abc5e805c441c586892c,mturk,52,3GS6S824SSL4GVSNW8479736UNYWN8,52:3GS6S824SSL4GVSNW8479736UNYWN8,3IHWR4LC7E1ZP9NKBN572Z9FUO68IU,live,2019-09-30 16:43:03.240151,1.15,0.34,approved
74,2019-09-30 17:51:48.299545,,,,,,f,,{},participant,1e3e5d034b36e835be9297a7103504cd,mturk,74,3YMTUJH0DU4Q26ENJYK0NEQ7ZC34TD,74:3YMTUJH0DU4Q26ENJYK0NEQ7ZC34TD,3IHWR4LC7E1ZP9NKBN572Z9FUO68IU,live,2019-09-30 17:57:24.673138,1.15,0.4,approved
39,2019-09-30 16:02:16.760298,,,,,,f,,{},participant,fb9396db9ee7eb0eebab0be8f7a428e4,mturk,39,3RJSC4XJ12I7IGLWZ1F08VUG2W850C,39:3RJSC4XJ12I7IGLWZ1F08VUG2W850C,3IHWR4LC7E1ZP9NKBN572Z9FUO68IU,live,2019-09-30 16:10:55.0952,1.15,1.11,approved
42,2019-09-30 16:10:21.437067,,,,,,f,,{},participant,cb0de0838de504e346204c45a479ef88,mturk,42,3Q5C1WP23OP7P56EVKJ0M0DQ7OE51F,42:3Q5C1WP23OP7P56EVKJ0M0DQ7OE51F,3IHWR4LC7E1ZP9NKBN572Z9FUO68IU,live,2019-09-30 16:26:40.234521,1.15,0.51,approved
58,2019-09-30 16:56:08.123874,,,,,,f,,{},participant,69e098be097e578f96464812bbbaa444,mturk,58,35BLDD71I8LLIV619MA5ISR1XSAVZK,58:35BLDD71I8LLIV619MA5ISR1XSAVZK,3IHWR4LC7E1ZP9NKBN572Z9FUO68IU,live,2019-09-30 17:07:54.344321,1.15,0.55,approved
50,2019-09-30 16:32:41.435129,,,,,,f,,{},participant,4f96283620b51de43cfa9ac211b67589,mturk,50,36AHBNMV1T0ZJOWAMF8SYZCSRRXDY7,50:36AHBNMV1T0ZJOWAMF8SYZCSRRXDY7,3IHWR4LC7E1ZP9NKBN572Z9FUO68IU,live,2019-09-30 16:43:53.852834,1.15,0.52,approved
81,2019-09-30 18:25:44.688371,,,,,,f,,{},participant,fe745d4edbf5d9c59cd96d8372c42596,mturk,81,39OWYR0EPMFWH8A6DL3IMZFD35AFYJ,81:39OWYR0EPMFWH8A6DL3IMZFD35AFYJ,3IHWR4LC7E1ZP9NKBN572Z9FUO68IU,live,2019-09-30 18:31:22.240791,1.15,0.43,approved
100,2019-09-30 21:53:38.494135,,,,,,f,,{},participant,fbdba5368a8d62a155c2377c818e7758,mturk,100,30BUDKLTXFJ6960Q78EFTKWKW0YE5T,100:30BUDKLTXFJ6960Q78EFTKWKW0YE5T,3IHWR4LC7E1ZP9NKBN572Z9FUO68IU,live,2019-09-30 21:56:21.371723,,,returned
83,2019-09-30 18:27:11.728384,,,,,,f,,{},participant,cfd91b84ddd2666fe8dd8094db0839a1,mturk,83,3J2UYBXQQN031KLA4KP5018GYTS060,83:3J2UYBXQQN031KLA4KP5018GYTS060,3IHWR4LC7E1ZP9NKBN572Z9FUO68IU,live,2019-09-30 18:33:20.828951,1.15,0.25,approved
93,2019-09-30 18:48:12.514801,,,,,,f,,{},participant,6c41279ecab202223f61a8a727341a8b,mturk,93,339ANSOTR7QL7UNFAE8CGODULITIKI,93:339ANSOTR7QL7UNFAE8CGODULITIKI,3IHWR4LC7E1ZP9NKBN572Z9FUO68IU,live,2019-09-30 18:53:51.7162,1.15,0.13,approved
62,2019-09-30 17:26:50.136648,,,,,,f,,{},participant,0af666c2a4038fce8025439d9b08facf,mturk,62,3W92K5RLWW5NBHMC2Y3PTOK6WTDV5O,62:3W92K5RLWW5NBHMC2Y3PTOK6WTDV5O,3IHWR4LC7E1ZP9NKBN572Z9FUO68IU,live,2019-09-30 17:30:36.064561,1.15,0.33,approved
65,2019-09-30 17:28:10.968458,,,,,,f,,{},participant,962637290bfde3aa79fb136b9c726707,mturk,65,3R8YZBNQ9J6ATD4E4SOCLLZU67TQ74,65:3R8YZBNQ9J6ATD4E4SOCLLZU67TQ74,3IHWR4LC7E1ZP9NKBN572Z9FUO68IU,live,2019-09-30 17:30:58.1584,,,returned
90,2019-09-30 18:37:56.756836,,,,,,f,,{},participant,fe37b6d824bcb4a4e6029d5853032991,mturk,90,3EKVH9QME0S9I333TU1XPVBNCD1D2R,90:3EKVH9QME0S9I333TU1XPVBNCD1D2R,3IHWR4LC7E1ZP9NKBN572Z9FUO68IU,live,2019-09-30 18:53:19.780717,1.15,0.23,approved
96,2019-09-30 19:36:29.451851,,,,,,f,,{},participant,8a2e6d454722a127eb106324e70c56dc,mturk,96,3SKRO2GZ73FA7ORH27N6OPW84GS1KJ,96:3SKRO2GZ73FA7ORH27N6OPW84GS1KJ,3IHWR4LC7E1ZP9NKBN572Z9FUO68IU,live,2019-09-30 19:37:45.935428,,,returned
63,2019-09-30 17:27:04.036293,,,,,,f,,{},participant,2cec1916c3b9235235e8707f3963ed2c,mturk,63,3E337GFOLBW8J92NH30PN4HI0ZPNGH,63:3E337GFOLBW8J92NH30PN4HI0ZPNGH,3IHWR4LC7E1ZP9NKBN572Z9FUO68IU,live,2019-09-30 17:30:27.358647,1.15,0.2,approved
43,2019-09-30 16:16:12.253243,,,,,,f,,{},participant,f9d273fb402411654359333b90b36088,mturk,43,31T4R4OBOU46ZCUVZANH1GAD2R07CM,43:31T4R4OBOU46ZCUVZANH1GAD2R07CM,3IHWR4LC7E1ZP9NKBN572Z9FUO68IU,live,2019-09-30 16:30:39.046984,1.15,0.67,approved
66,2019-09-30 17:31:14.373367,,,,,,f,,{},participant,d48146d8da95f9c884f2354dfb7790cd,mturk,66,3RKNTXVS3OMLNAFEDYTJS90FBNIA4Y,66:3RKNTXVS3OMLNAFEDYTJS90FBNIA4Y,3IHWR4LC7E1ZP9NKBN572Z9FUO68IU,live,2019-09-30 17:36:32.184977,1.15,0.4,approved
70,2019-09-30 17:37:43.740737,,,,,,f,,{},participant,1cc19516d5d7d2c31978bc0d8add7400,mturk,70,39GXDJN2OV26YZ5E0WAS58UXYJEV8Q,70:39GXDJN2OV26YZ5E0WAS58UXYJEV8Q,3IHWR4LC7E1ZP9NKBN572Z9FUO68IU,live,2019-09-30 17:44:11.408652,1.15,0.5,approved
32,2019-09-30 15:54:08.117461,,,,,,f,,{},participant,cfb3f73489625f5e2ffc43192ecd9e6e,mturk,32,3TS1AR6UQS2D2OE5QCDI9MVGZ4S7FX,32:3TS1AR6UQS2D2OE5QCDI9MVGZ4S7FX,3IHWR4LC7E1ZP9NKBN572Z9FUO68IU,live,2019-09-30 15:57:47.406651,1.15,0.13,did_not_attend
73,2019-09-30 17:48:51.642131,,,,,,f,,{},participant,97af95023a0d10079a42305c7478cdcb,mturk,73,3OS46CRSLHNJULMQ7HDULUY6SOOV64,73:3OS46CRSLHNJULMQ7HDULUY6SOOV64,3IHWR4LC7E1ZP9NKBN572Z9FUO68IU,live,2019-09-30 17:55:24.283144,1.15,0.47,approved
76,2019-09-30 17:56:27.696997,,,,,,f,,{},participant,a1bfa551bdc4d02618a4647f54e27be8,mturk,76,3BWI6RSP7IXLWAE9V1TCR4AGN467EA,76:3BWI6RSP7IXLWAE9V1TCR4AGN467EA,3IHWR4LC7E1ZP9NKBN572Z9FUO68IU,live,2019-09-30 18:06:23.762394,1.15,0.2,approved
56,2019-09-30 16:53:48.763309,,,,,,f,,{},participant,ba64dce1d512cac7081fc6f1ef24f3c4,mturk,56,3C5W7UE9CHEDNDCDUCLTYBSDYZ1MXY,56:3C5W7UE9CHEDNDCDUCLTYBSDYZ1MXY,3IHWR4LC7E1ZP9NKBN572Z9FUO68IU,live,2019-09-30 17:01:15.195036,1.15,0.64,approved
47,2019-09-30 16:31:24.38785,,,,,,f,,{},participant,1be063c8860ba13cf8c0c2d90badac39,mturk,47,3EWIJTFFVQV7EZEPA283CP0TFQJE00,47:3EWIJTFFVQV7EZEPA283CP0TFQJE00,3IHWR4LC7E1ZP9NKBN572Z9FUO68IU,live,2019-09-30 16:35:57.182058,1.15,0.34,approved
33,2019-09-30 15:54:11.693468,,,,,,f,,{},participant,522d20988a68d97062c1c53e3a4c30c5,mturk,33,3TYCR1GOTE7IMQU7VI8ZVJTZ6TQZLL,33:3TYCR1GOTE7IMQU7VI8ZVJTZ6TQZLL,3IHWR4LC7E1ZP9NKBN572Z9FUO68IU,live,2019-09-30 16:00:53.735116,1.15,0.67,approved
59,2019-09-30 17:03:48.17674,,,,,,f,,{},participant,a66a4e4d5af179be447ba4ff9529b7b1,mturk,59,37M28K1J0S1BQSYZG5GNYBPYTKRJAH,59:37M28K1J0S1BQSYZG5GNYBPYTKRJAH,3IHWR4LC7E1ZP9NKBN572Z9FUO68IU,live,2019-09-30 17:06:24.198419,,,returned
34,2019-09-30 15:54:21.898786,,,,,,f,,{},participant,a5e031426d4b70e26c50026ecb12f74c,mturk,34,3C8HJ7UOP9I2S8CSVU9EVW8O6YGZMN,34:3C8HJ7UOP9I2S8CSVU9EVW8O6YGZMN,3IHWR4LC7E1ZP9NKBN572Z9FUO68IU,live,2019-09-30 16:04:16.185114,1.15,1.11,approved
51,2019-09-30 16:35:41.543403,,,,,,f,,{},participant,adfd9889d9cb710486bc11da41cb5224,mturk,51,3WQQ9FUS6CIRPL78VFJS4W0QVRIB8K,51:3WQQ9FUS6CIRPL78VFJS4W0QVRIB8K,3IHWR4LC7E1ZP9NKBN572Z9FUO68IU,live,2019-09-30 16:41:36.303102,1.15,0.32,approved
79,2019-09-30 18:17:02.400072,,,,,,f,,{},participant,f056a09451784ee6fe82ba893f383208,mturk,79,38JBBYETQQYODNWQT3V5OSQ6W2J4EQ,79:38JBBYETQQYODNWQT3V5OSQ6W2J4EQ,3IHWR4LC7E1ZP9NKBN572Z9FUO68IU,live,2019-09-30 18:20:32.663889,1.15,0.4,approved
92,2019-09-30 18:48:00.91813,,,,,,f,,{},participant,ace4d7a3a043e6dd8a22f140f5fa5872,mturk,92,3LJ7UR74RJ1S7T93M2YOEFKFAV24NZ,92:3LJ7UR74RJ1S7T93M2YOEFKFAV24NZ,3IHWR4LC7E1ZP9NKBN572Z9FUO68IU,live,2019-09-30 18:53:51.592457,1.15,0.25,approved
35,2019-09-30 15:56:11.940135,,,,,,f,,{},participant,9fb1e37efbe1245a906c2a199b85ef1f,mturk,35,3KYQYYSHYXVNPAS8GSZUW8EQDGNODU,35:3KYQYYSHYXVNPAS8GSZUW8EQDGNODU,3IHWR4LC7E1ZP9NKBN572Z9FUO68IU,live,2019-09-30 16:08:31.059635,1.15,0.25,approved
40,2019-09-30 16:05:02.8418,,,,,,f,,{},participant,undefined,mturk,40,3Q5C1WP23OP7P56EVKJ0M0DQ7OE51F,40:3Q5C1WP23OP7P56EVKJ0M0DQ7OE51F,3IHWR4LC7E1ZP9NKBN572Z9FUO68IU,live,2019-09-30 16:08:41.128092,,,returned
82,2019-09-30 18:26:05.284772,,,,,,f,,{},participant,0d9ead10449eda2f8870924d531ec1dd,mturk,82,3WYGZ5XF3Y3A18QBFQ2QKQJHUGVKSC,82:3WYGZ5XF3Y3A18QBFQ2QKQJHUGVKSC,3IHWR4LC7E1ZP9NKBN572Z9FUO68IU,live,2019-09-30 18:31:06.297946,1.15,0.23,approved
53,2019-09-30 16:43:18.817456,,,,,,f,,{},participant,299ce93eac325814cfff4dc803149f94,mturk,53,3EICBYG646KZJ7VX0JCE46FMTNCJCJ,53:3EICBYG646KZJ7VX0JCE46FMTNCJCJ,3IHWR4LC7E1ZP9NKBN572Z9FUO68IU,live,2019-09-30 16:47:58.954621,1.15,0.55,approved
84,2019-09-30 18:27:52.551431,,,,,,f,,{},participant,28455d8eccdc5c2733b8185ea2abc569,mturk,84,3COPXFW7XD0DOGAJN9YWPLE67WOKPW,84:3COPXFW7XD0DOGAJN9YWPLE67WOKPW,3IHWR4LC7E1ZP9NKBN572Z9FUO68IU,live,2019-09-30 18:34:59.03492,1.15,0.34,approved
60,2019-09-30 17:05:04.205111,,,,,,f,,{},participant,5e0da1dbaad5b16dd006dcfe8c56bc3f,mturk,60,3VP0C6EFSIK04YSHTPC3YYFT1VW6MI,60:3VP0C6EFSIK04YSHTPC3YYFT1VW6MI,3IHWR4LC7E1ZP9NKBN572Z9FUO68IU,live,2019-09-30 17:09:19.81737,1.15,0.34,approved
85,2019-09-30 18:28:38.64381,,,,,,f,,{},participant,088599ac5db0878fecdf10a5d2376d89,mturk,85,3W2LOLRXLD3Y0TQY012LUGEL8ECKRO,85:3W2LOLRXLD3Y0TQY012LUGEL8ECKRO,3IHWR4LC7E1ZP9NKBN572Z9FUO68IU,live,2019-09-30 18:32:32.042654,1.15,0.23,approved
88,2019-09-30 18:36:06.295091,,,,,,f,,{},participant,040e0536635eb15d0c6c2eb966dba610,mturk,88,32ZKVD547HB5OO12JYOWDFSFF6NB3R,88:32ZKVD547HB5OO12JYOWDFSFF6NB3R,3IHWR4LC7E1ZP9NKBN572Z9FUO68IU,live,2019-09-30 18:42:20.227794,1.15,0.43,approved
68,2019-09-30 17:31:58.999547,,,,,,f,,{},participant,a73b661a63a23f7965c292e6dd41a607,mturk,68,3R8YZBNQ9J6ATD4E4SOCLLZU67TQ74,68:3R8YZBNQ9J6ATD4E4SOCLLZU67TQ74,3IHWR4LC7E1ZP9NKBN572Z9FUO68IU,live,2019-09-30 17:36:03.335594,1.15,0.12,did_not_attend
89,2019-09-30 18:36:59.032484,,,,,,f,,{},participant,2d2e01ca10bf8f981f994e6826941c09,mturk,89,3RJSC4XJ12I7IGLWZ1F08VUG2YH05K,89:3RJSC4XJ12I7IGLWZ1F08VUG2YH05K,3IHWR4LC7E1ZP9NKBN572Z9FUO68IU,live,2019-09-30 18:42:30.328277,1.15,0.13,approved
97,2019-09-30 20:12:25.489171,,,,,,f,,{},participant,815de549fb884052b7f10abeb282761a,mturk,97,3EFE17QCRETJZIP395ZT7Y3P2ZIHSW,97:3EFE17QCRETJZIP395ZT7Y3P2ZIHSW,3IHWR4LC7E1ZP9NKBN572Z9FUO68IU,live,2019-09-30 20:13:28.266774,,,returned
101,2019-09-30 22:21:43.021533,,,,,,f,,{},participant,87e35a7b11e1b9d953f483b940fa74a5,mturk,101,33LK57MYLVT5Q3PXFR50757UYQRZSY,101:33LK57MYLVT5Q3PXFR50757UYQRZSY,3IHWR4LC7E1ZP9NKBN572Z9FUO68IU,live,2019-09-30 22:23:40.924205,,,returned
49,2019-09-30 16:32:23.877667,,,,,,f,,{},participant,635556b7b9651412479f59046aec0ceb,mturk,49,3AMYWKA6YDAO41DT65RGQ24YWVB6OX,49:3AMYWKA6YDAO41DT65RGQ24YWVB6OX,3IHWR4LC7E1ZP9NKBN572Z9FUO68IU,live,2019-09-30 16:37:52.381597,1.15,0.32,approved
28,2019-09-30 15:51:31.837171,,,,,,f,,{},participant,574c9b38393b68d514d5bad6dd8090e0,mturk,28,3KRVW3HTZP95RWQE02F6Z3BLJJGMS5,28:3KRVW3HTZP95RWQE02F6Z3BLJJGMS5,3IHWR4LC7E1ZP9NKBN572Z9FUO68IU,live,2019-09-30 15:55:42.566916,1.15,0.28,did_not_attend
37,2019-09-30 15:57:15.000504,,,,,,f,,{},participant,502bf303f5dc3a3797747d69d819c2bc,mturk,37,3NAPMVF0ZY3T1U2T2HYBP31RQ0N278,37:3NAPMVF0ZY3T1U2T2HYBP31RQ0N278,3IHWR4LC7E1ZP9NKBN572Z9FUO68IU,live,2019-09-30 16:01:51.642528,1.15,0.64,approved
29,2019-09-30 15:51:34.482733,,,,,,f,,{},participant,3b87083322f8273751b928d76d94f042,mturk,29,3JW0YLFXRV4U3P11O9VU5QGXNYQWWL,29:3JW0YLFXRV4U3P11O9VU5QGXNYQWWL,3IHWR4LC7E1ZP9NKBN572Z9FUO68IU,live,2019-09-30 15:56:23.507158,1.15,0.67,approved
69,2019-09-30 17:35:28.908926,,,,,,f,,{},participant,db610953a4019e4f7cad59dd3d0b5538,mturk,69,3U5JL4WY5MXXJNN7O8LXCHBDC8R4XW,69:3U5JL4WY5MXXJNN7O8LXCHBDC8R4XW,3IHWR4LC7E1ZP9NKBN572Z9FUO68IU,live,2019-09-30 17:39:44.240383,1.15,0.33,approved
27,2019-09-30 15:51:21.464701,,,,,,f,,{},participant,2c39b7253cc8d5913b3af852de01490d,mturk,27,3BWI6RSP7IXLWAE9V1TCR4AGN3D7EF,27:3BWI6RSP7IXLWAE9V1TCR4AGN3D7EF,3IHWR4LC7E1ZP9NKBN572Z9FUO68IU,live,2019-09-30 15:57:19.063311,1.15,0.64,approved
48,2019-09-30 16:31:35.970988,,,,,,f,,{},participant,fe8663505717b0eef27c6d4896374f7c,mturk,48,3B1NLC6UG1K8MUE0XIDHRTMD0EAGPQ,48:3B1NLC6UG1K8MUE0XIDHRTMD0EAGPQ,3IHWR4LC7E1ZP9NKBN572Z9FUO68IU,live,2019-09-30 16:38:07.557611,1.15,0.64,approved
75,2019-09-30 17:55:33.248425,,,,,,f,,{},participant,60fba1950b83f37a8c2451cb048dba86,mturk,75,3QEMNNSB2ZNG4409Z6ISLMSVNS57DH,75:3QEMNNSB2ZNG4409Z6ISLMSVNS57DH,3IHWR4LC7E1ZP9NKBN572Z9FUO68IU,live,2019-09-30 17:59:36.461895,1.15,0.5,approved
36,2019-09-30 15:56:16.067843,,,,,,f,,{},participant,17ae143241edad3ecbc49bd587f918fa,mturk,36,3FE2ERCCZZWWE7VYL1QPW2VFRZOPO7,36:3FE2ERCCZZWWE7VYL1QPW2VFRZOPO7,3IHWR4LC7E1ZP9NKBN572Z9FUO68IU,live,2019-09-30 16:03:52.447614,1.15,1.11,approved
61,2019-09-30 17:17:11.319238,,,,,,f,,{},participant,62cf2fa371305b977625ef1d716643f0,mturk,61,37M28K1J0S1BQSYZG5GNYBPYTKRJAH,61:37M28K1J0S1BQSYZG5GNYBPYTKRJAH,3IHWR4LC7E1ZP9NKBN572Z9FUO68IU,live,2019-09-30 17:26:22.483594,1.15,0.64,approved
54,2019-09-30 16:45:25.309972,,,,,,f,,{},participant,f0ecb7d91bd9107b901ca687c239debc,mturk,54,3483FV8BEG7AXUOOJ7TJJP1VVQF26N,54:3483FV8BEG7AXUOOJ7TJJP1VVQF26N,3IHWR4LC7E1ZP9NKBN572Z9FUO68IU,live,2019-09-30 16:50:07.58526,1.15,0.16,did_not_attend
72,2019-09-30 17:45:04.661179,,,,,,f,,{},participant,543d7a5f338b0b4fb59cab4e53753f65,mturk,72,3I33IC7ZWHQBKW0R9KAVZU3HR9MA22,72:3I33IC7ZWHQBKW0R9KAVZU3HR9MA22,3IHWR4LC7E1ZP9NKBN572Z9FUO68IU,live,2019-09-30 17:50:52.702658,1.15,0.5,approved
41,2019-09-30 16:09:16.275417,,,,,,f,,{},participant,8bf41d72d7bade4d4552abb60b9bf2c2,mturk,41,3Y54SXRO1N9PJ482Y4BI0IO1YOXTUT,41:3Y54SXRO1N9PJ482Y4BI0IO1YOXTUT,3IHWR4LC7E1ZP9NKBN572Z9FUO68IU,live,2019-09-30 16:12:51.542911,1.15,0.64,approved
91,2019-09-30 18:47:48.670172,,,,,,f,,{},participant,06a281d88c1632a04d1f7cc0b9d05d94,mturk,91,38SKSKU7R3LWR05XVEKDVOQ9AIYILL,91:38SKSKU7R3LWR05XVEKDVOQ9AIYILL,3IHWR4LC7E1ZP9NKBN572Z9FUO68IU,live,2019-09-30 18:50:53.16479,1.15,0.43,approved
64,2019-09-30 17:27:18.078863,,,,,,f,,{},participant,90b3c5ed6b3521a2b35d43608fef7151,mturk,64,3U5JL4WY5MXXJNN7O8LXCHBDC8R4XW,64:3U5JL4WY5MXXJNN7O8LXCHBDC8R4XW,3IHWR4LC7E1ZP9NKBN572Z9FUO68IU,live,2019-09-30 17:31:57.686556,,,returned
57,2019-09-30 16:55:27.504551,,,,,,f,,{},participant,5c1db3969556e6742af1352ebd952da2,mturk,57,3OSWBBLG1GLAJJ60HJMQFL5JPL3DX1,57:3OSWBBLG1GLAJJ60HJMQFL5JPL3DX1,3IHWR4LC7E1ZP9NKBN572Z9FUO68IU,live,2019-09-30 17:03:30.071801,1.15,0.32,approved
44,2019-09-30 16:19:56.243639,,,,,,f,,{},participant,cda2a52a5f0c45aec757af499d86e711,mturk,44,38SKSKU7R3LWR05XVEKDVOQ9AGRLID,44:38SKSKU7R3LWR05XVEKDVOQ9AGRLID,3IHWR4LC7E1ZP9NKBN572Z9FUO68IU,live,2019-09-30 16:27:43.340567,1.15,0.25,approved
86,2019-09-30 18:29:33.457308,,,,,,f,,{},participant,0652c31da91ff1fc91c24ea62afe5814,mturk,86,3I2PTA7R3VIYOSBYNMDLPQ4GCSAKQN,86:3I2PTA7R3VIYOSBYNMDLPQ4GCSAKQN,3IHWR4LC7E1ZP9NKBN572Z9FUO68IU,live,2019-09-30 18:33:12.515998,1.15,0.34,approved
87,2019-09-30 18:29:58.831911,,,,,,f,,{},participant,4099434cddd34cc25724433dee92d7f8,mturk,87,3WQ3B2KGEA49ELNNWUADPMDIHM9B1Z,87:3WQ3B2KGEA49ELNNWUADPMDIHM9B1Z,3IHWR4LC7E1ZP9NKBN572Z9FUO68IU,live,2019-09-30 18:36:18.437612,1.15,0.25,approved
80,2019-09-30 18:22:54.27062,,,,,,f,,{},participant,d4abae12b49459f32f2aafbb4002c50f,mturk,80,3RXCAC0YITDNG2FJB1B657RNB578GX,80:3RXCAC0YITDNG2FJB1B657RNB578GX,3IHWR4LC7E1ZP9NKBN572Z9FUO68IU,live,2019-09-30 18:28:22.147581,1.15,0.13,approved
67,2019-09-30 17:31:57.715733,,,,,,f,,{},participant,f4657291e05e8ce6c402d518153eef4a,mturk,67,3UXUOQ9OKGLI6XXXFWRQVLKP2P87AF,67:3UXUOQ9OKGLI6XXXFWRQVLKP2P87AF,3IHWR4LC7E1ZP9NKBN572Z9FUO68IU,live,2019-09-30 17:35:44.086508,1.15,0.47,approved
94,2019-09-30 18:55:50.721878,,,,,,f,,{},participant,7afb412f0b983d52d9f30c10aceffb28,mturk,94,3R2PKQ87NYWGXINIVQLSV15YANOIMN,94:3R2PKQ87NYWGXINIVQLSV15YANOIMN,3IHWR4LC7E1ZP9NKBN572Z9FUO68IU,live,2019-09-30 18:57:03.15552,,,returned
98,2019-09-30 20:14:05.19521,,,,,,f,,{},participant,0571dba895089cf2571db570da09fb9a,mturk,98,3EFE17QCRETJZIP395ZT7Y3P2ZIHSW,98:3EFE17QCRETJZIP395ZT7Y3P2ZIHSW,3IHWR4LC7E1ZP9NKBN572Z9FUO68IU,live,2019-09-30 20:37:55.503642,,,abandoned
