id,creation_time,property1,property2,property3,property4,property5,failed,time_of_death,details,type,origin_id,network_id,contents
1,2019-05-04 07:34:35.729443,,,,,,f,,{},info,1,1,"Through history, most people didn't die of cancer or heart disease, the lifestyle diseases that are common in the Western world today. This is mostly because people didn't live long enough to develop them. They died of injuries -- being gored by an ox, shot on a battlefield, crushed in one of the new factories of the Industrial Revolution -- and most of the time from infection, which followed those injuries.

That changed when antibiotics were discovered. In 1928, Alexander Fleming discovered penicillin, a drug still used today to fight bacterial infections. Suddenly, infections that had been a death sentence became remedied within days. During World War II, this drug treated pneumonia and sepsis, and has been estimated to have saved between 12-15% of Allied Forces lives. We have been living inside the golden epoch of the miracle drugs, and now, we are coming to an end of it.

People are dying of infections again because of a phenomenon called antibiotic resistance, or popularly referred to as “superbugs”. Bacteria compete against each other for resources, for food, by manufacturing lethal compounds that they direct against each other. When we first made antibiotics, we took those compounds into the lab and made our own versions of them, and bacteria responded to our attack the way they always had.

For 70 years, we played a game of leapfrog -- our drug and their resistance, and then another drug, and then resistance again -- and now the game is ending. Bacteria develop resistance so quickly that pharmaceutical companies have decided making antibiotics is not in their best interest, so there are infections moving across the world for which, out of the more than 100 antibiotics available on the market, two drugs might work with side effects, or one drug, or none.

It would be natural to hope that these infections are extraordinary cases, but in fact, in the United States and Europe, 50 thousand people a year die of infections which no drugs can help. A project chartered by the British government known as the Review on Antimicrobial Resistance estimates that the worldwide toll right now is 700 thousand deaths a year. Also, if we can't get this under control by 2050, the worldwide toll will be 10 million deaths a year (more than the current population of New York City).

The scale of antibiotic resistance seems overwhelming, but if you've ever bought a fluorescent light bulb because you were concerned about climate change, you already know what it feels like to take a tiny step to address an overwhelming problem. We could take those kinds of steps for antibiotic use too. We could forgo giving an antibiotic for our kids’ ear infection, if we're not sure it's the right one. And we could promise each other to never again to buy chicken or shrimp or fruit raised with routine antibiotic use. If we did those things, we could slow down the arrival of the post-antibiotic world.
"
2,2019-05-04 07:34:35.772517,,,,,,f,,{},info,1,1,"Through history, most people didn't die of cancer or heart disease, the lifestyle diseases that are common in the Western world today. This is mostly because people didn't live long enough to develop them. They died of injuries -- being gored by an ox, shot on a battlefield, crushed in one of the new factories of the Industrial Revolution -- and most of the time from infection, which followed those injuries.

That changed when antibiotics were discovered. In 1928, Alexander Fleming discovered penicillin, a drug still used today to fight bacterial infections. Suddenly, infections that had been a death sentence became remedied within days. During World War II, this drug treated pneumonia and sepsis, and has been estimated to have saved between 12-15% of Allied Forces lives. We have been living inside the golden epoch of the miracle drugs, and now, we are coming to an end of it.

People are dying of infections again because of a phenomenon called antibiotic resistance, or popularly referred to as “superbugs”. Bacteria compete against each other for resources, for food, by manufacturing lethal compounds that they direct against each other. When we first made antibiotics, we took those compounds into the lab and made our own versions of them, and bacteria responded to our attack the way they always had.

For 70 years, we played a game of leapfrog -- our drug and their resistance, and then another drug, and then resistance again -- and now the game is ending. Bacteria develop resistance so quickly that pharmaceutical companies have decided making antibiotics is not in their best interest, so there are infections moving across the world for which, out of the more than 100 antibiotics available on the market, two drugs might work with side effects, or one drug, or none.

It would be natural to hope that these infections are extraordinary cases, but in fact, in the United States and Europe, 50 thousand people a year die of infections which no drugs can help. A project chartered by the British government known as the Review on Antimicrobial Resistance estimates that the worldwide toll right now is 700 thousand deaths a year. Also, if we can't get this under control by 2050, the worldwide toll will be 10 million deaths a year (more than the current population of New York City).

The scale of antibiotic resistance seems overwhelming, but if you've ever bought a fluorescent light bulb because you were concerned about climate change, you already know what it feels like to take a tiny step to address an overwhelming problem. We could take those kinds of steps for antibiotic use too. We could forgo giving an antibiotic for our kids’ ear infection, if we're not sure it's the right one. And we could promise each other to never again to buy chicken or shrimp or fruit raised with routine antibiotic use. If we did those things, we could slow down the arrival of the post-antibiotic world.
"
3,2019-05-04 07:34:53.198451,,,,,,f,,{},info,2,1,Javier summary 1
