id,creation_time,property1,property2,property3,property4,property5,failed,time_of_death,details,assignment_id,event_type
1,2019-10-04 13:52:42.376016,,,,,,f,,{},3JRJSWSMQJ93VRDMTPQMENY0IXE3EL,AssignmentAccepted
2,2019-10-04 13:52:42.383518,,,,,,f,,{},3X31TUMD7ZALRU9ZN7Z73P9NTA11LE,AssignmentAccepted
3,2019-10-04 13:52:42.514183,,,,,,f,,{},3SNLUL3WO6B10R0XPV9REREK47YLUX,AssignmentAccepted
4,2019-10-04 13:52:43.016661,,,,,,f,,{},3GD6L00D3UL5XCRKNJ0M32OCTFR1MG,AssignmentAccepted
5,2019-10-04 13:52:43.066818,,,,,,f,,{},3VE8AYVF8OLH22JO0H5ONMRBAKL8F0,AssignmentAccepted
6,2019-10-04 13:52:43.085237,,,,,,f,,{},3H7XDTSHKEFY63B194RCJNU9T6NWG1,AssignmentAccepted
7,2019-10-04 13:52:43.091565,,,,,,f,,{},3DIP6YHAPEGPWOJS56LI546BYJ68EI,AssignmentAccepted
8,2019-10-04 13:52:43.133724,,,,,,f,,{},3IO1LGZLKBLLJ9QDZO2KTGEYHLI68V,AssignmentAccepted
9,2019-10-04 13:52:43.27885,,,,,,f,,{},3EJJQNKU9TT7Y3PQUGZOHOYTGRLRHS,AssignmentAccepted
10,2019-10-04 13:52:43.28094,,,,,,f,,{},34V1S5K3GUPLXE9N4G8YTC991R069K,AssignmentAccepted
11,2019-10-04 13:52:43.312185,,,,,,f,,{},34BBWHLWHCZC2UHWZSRF4Z7P8JFWIT,AssignmentAccepted
12,2019-10-04 13:52:43.345409,,,,,,f,,{},3NGI5ARFTVTBIFOXFZSEK6I7YK21PC,AssignmentAccepted
13,2019-10-04 13:52:46.361746,,,,,,f,,{},3XC1O3LBOUAM0EL8PQJH9VSILTRLT6,AssignmentAccepted
14,2019-10-04 13:52:46.496535,,,,,,f,,{},39DD6S19JRZ4GKKFEWLVIO3FXSCZED,AssignmentAccepted
15,2019-10-04 13:52:46.495977,,,,,,f,,{},3A1COHJ8NLJ1GYAUV7TOQ73OQZY8HY,AssignmentAccepted
16,2019-10-04 13:52:46.553983,,,,,,f,,{},3OVHNO1VE8PZOE6FI1ABC6LUXGBZDK,AssignmentAccepted
17,2019-10-04 13:52:46.551239,,,,,,f,,{},33SA9F9TRZI0MPFA391OJK9XGQ8WEK,AssignmentAccepted
18,2019-10-04 13:52:46.570887,,,,,,f,,{},3KAKFY4PGWQFBWF8P8GDZ2WSAQL3IU,AssignmentAccepted
19,2019-10-04 13:52:47.3927,,,,,,f,,{},33CID57106HH1XNEABDQRIOKRUF3L8,AssignmentAccepted
20,2019-10-04 13:52:47.435008,,,,,,f,,{},3IXQG4FA2VMR3QQI07P64SV1FSBB9A,AssignmentAccepted
21,2019-10-04 13:52:47.665494,,,,,,f,,{},3GA6AFUKOQCFF14OJQYSZQVDAD63H1,AssignmentAccepted
22,2019-10-04 13:52:47.703196,,,,,,f,,{},3IX2EGZR7D73P9KGIG29T1E8TJPRJX,AssignmentAccepted
23,2019-10-04 13:52:48.453076,,,,,,f,,{},34PGFRQONQZ8X512HACFG0MPLY4WJ5,AssignmentAccepted
24,2019-10-04 13:52:48.77171,,,,,,f,,{},3LEIZ60CDLNNLOTY6L59QA246VWZ93,AssignmentAccepted
25,2019-10-04 13:52:48.798795,,,,,,f,,{},3IJXV6UZ1Z77UY0A0YH9H0Z8G40RIL,AssignmentAccepted
26,2019-10-04 13:52:48.813038,,,,,,f,,{},3PXX5PX6LZM5890NSD360N6LLATBAP,AssignmentAccepted
27,2019-10-04 13:52:48.83278,,,,,,f,,{},3B2X28YI3Y34L7OK20MUKI4ZPR36BU,AssignmentAccepted
28,2019-10-04 13:52:48.852707,,,,,,f,,{},3X66WABAJY61F59DZKGAEQJCVDT3G2,AssignmentAccepted
29,2019-10-04 13:52:48.941063,,,,,,f,,{},3B2X28YI3Y34L7OK20MUKI4ZPR3B6Z,AssignmentAccepted
30,2019-10-04 13:52:48.945676,,,,,,f,,{},3E1QT0TDFRX1CTLE1PB9QJ43QCD8IR,AssignmentAccepted
31,2019-10-04 13:52:48.957745,,,,,,f,,{},31N2WW6R9TEV15DIO0ASW5J0UYT3F3,AssignmentAccepted
32,2019-10-04 13:52:49.09976,,,,,,f,,{},337RC3OW07Q1D6PXULJWADG3IE7LVM,AssignmentAccepted
33,2019-10-04 13:52:49.222627,,,,,,f,,{},3JJVG1YBEDL823O6XHCPSCQZTWSB5J,AssignmentAccepted
34,2019-10-04 13:52:53.258021,,,,,,f,,{},3ND9UOO81MQESVP2KVOSWFZHPN9LWW,AssignmentAccepted
35,2019-10-04 13:52:53.312948,,,,,,f,,{},3EFVCAY5L5XX745KJ7W92KJ33R28J3,AssignmentAccepted
36,2019-10-04 13:52:53.318778,,,,,,f,,{},3U4J9857OGZNP72PLARMQW4VK2NB7Y,AssignmentAccepted
37,2019-10-04 13:52:58.076114,,,,,,f,,{},3GA6AFUKOQCFF14OJQYSZQVDAD63H1,AssignmentAccepted
38,2019-10-04 13:52:58.100482,,,,,,f,,{},3GA6AFUKOQCFF14OJQYSZQVDAD63H1,AssignmentReturned
39,2019-10-04 13:53:00.438989,,,,,,f,,{},3VA45EW49PBTXFCW0ZFZV6DHOF61OV,AssignmentAccepted
40,2019-10-04 13:53:00.481737,,,,,,f,,{},3KOPY89HMAQB67ZE7Q1DB3BSN5A3J6,AssignmentAccepted
41,2019-10-04 13:53:00.520293,,,,,,f,,{},37Q970SNZGW8V74P7GW8FBNIL491SS,AssignmentAccepted
42,2019-10-04 13:53:00.758837,,,,,,f,,{},3SEPORI8WPN1Q733YRJ9M5DOCDEZAI,AssignmentAccepted
43,2019-10-04 13:53:23.406233,,,,,,f,,{},3X66WABAJY61F59DZKGAEQJCVDT3G2,AssignmentReturned
44,2019-10-04 13:54:02.470883,,,,,,f,,{},3SEPORI8WPN1Q733YRJ9M5DOCDEZAI,AssignmentReturned
45,2019-10-04 13:54:02.706555,,,,,,f,,{},3SEPORI8WPN1Q733YRJ9M5DOCDEZAI,AssignmentAccepted
46,2019-10-04 13:54:05.542228,,,,,,f,,{},3SPJ033423RCMAW2WBU31X75W65JYS,AssignmentAccepted
47,2019-10-04 13:57:39.189501,,,,,,f,,{},3B2X28YI3Y34L7OK20MUKI4ZPR3B6Z,AssignmentReturned
48,2019-10-04 13:57:50.74436,,,,,,f,,{},3EFVCAY5L5XX745KJ7W92KJ33R28J3,AssignmentReturned
49,2019-10-04 13:57:53.11216,,,,,,f,,{},3B2X28YI3Y34L7OK20MUKI4ZPR3B6Z,AssignmentAccepted
50,2019-10-04 13:57:58.458928,,,,,,f,,{},3KOPY89HMAQB67ZE7Q1DB3BSN5A3J6,AssignmentReturned
51,2019-10-04 13:58:13.34998,,,,,,f,,{},3EFVCAY5L5XX745KJ7W92KJ33R28J3,AssignmentAccepted
52,2019-10-04 13:58:23.562703,,,,,,f,,{},32Q90QCQ1U99RPLTEVILV9F2TJ1KEE,AssignmentAccepted
53,2019-10-04 13:59:16.655916,,,,,,f,,{},3SPJ033423RCMAW2WBU31X75W65JYS,AssignmentReturned
54,2019-10-04 13:59:28.342064,,,,,,f,,{},3SPJ033423RCMAW2WBU31X75W65JYS,AssignmentAccepted
55,2019-10-04 14:01:08.113105,,,,,,f,,{},3B2X28YI3Y34L7OK20MUKI4ZPR3B6Z,AssignmentSubmitted
56,2019-10-04 14:01:23.788695,,,,,,f,,{},3H8DHMCCWBZ4ZJ7TI071PRXHT71DKF,AssignmentAccepted
57,2019-10-04 14:01:25.518976,,,,,,f,,{},3B2X28YI3Y34L7OK20MUKI4ZPR36BU,AssignmentSubmitted
58,2019-10-04 14:02:08.735758,,,,,,f,,{},3H7XDTSHKEFY63B194RCJNU9T6NWG1,AssignmentAccepted
59,2019-10-04 14:02:08.833399,,,,,,f,,{},3H7XDTSHKEFY63B194RCJNU9T6NWG1,AssignmentReturned
60,2019-10-04 14:02:41.235772,,,,,,f,,{},337RC3OW07Q1D6PXULJWADG3IE7LVM,AssignmentSubmitted
61,2019-10-04 14:03:24.215748,,,,,,f,,{},3PXX5PX6LZM5890NSD360N6LLATBAP,AssignmentReturned
62,2019-10-04 14:03:46.555545,,,,,,f,,{},3PXX5PX6LZM5890NSD360N6LLATBAP,AssignmentAccepted
63,2019-10-04 14:03:57.670856,,,,,,f,,{},3GA6AFUKOQCFF14OJQYSZQVDAD63H1,AssignmentSubmitted
64,2019-10-04 14:06:14.15103,,,,,,f,,{},3H8DHMCCWBZ4ZJ7TI071PRXHT71DKF,AssignmentReturned
65,2019-10-04 14:06:17.248343,,,,,,f,,{},3DIP6YHAPEGPWOJS56LI546BYJ68EI,AssignmentSubmitted
66,2019-10-04 14:06:27.805514,,,,,,f,,"{""feedback"": ""I submitted my response form, i had a bonus of 1.47 and a article about superbugs and antibiotics. "", ""error_text"": ""There has been an error and so you are unable to continue, sorry!"", ""error_type"": ""already_started_exp_mturk"", ""request_data"": {""hit_id"": null, ""worker_id"": null, ""participant_id"": null}}",unknown,ExperimentError
67,2019-10-04 14:06:38.775919,,,,,,f,,{},3H8DHMCCWBZ4ZJ7TI071PRXHT71DKF,AssignmentAccepted
68,2019-10-04 14:06:40.451201,,,,,,f,,{},3OVHNO1VE8PZOE6FI1ABC6LUXGBZDK,AssignmentReturned
69,2019-10-04 14:06:42.246457,,,,,,f,,{},3ND9UOO81MQESVP2KVOSWFZHPN9LWW,AssignmentSubmitted
70,2019-10-04 14:06:42.356346,,,,,,f,,{},31N2WW6R9TEV15DIO0ASW5J0UYT3F3,AssignmentSubmitted
71,2019-10-04 14:07:17.977325,,,,,,f,,{},3OVHNO1VE8PZOE6FI1ABC6LUXGBZDK,AssignmentAccepted
72,2019-10-04 14:07:20.206583,,,,,,f,,{},3LEIZ60CDLNNLOTY6L59QA246VWZ93,AssignmentSubmitted
73,2019-10-04 14:07:39.182511,,,,,,f,,{},3KAKFY4PGWQFBWF8P8GDZ2WSAQL3IU,AssignmentSubmitted
76,2019-10-04 14:08:31.237206,,,,,,f,,{},3VA45EW49PBTXFCW0ZFZV6DHOF61OV,AssignmentSubmitted
79,2019-10-04 14:09:59.488763,,,,,,f,,{},3FK0YFF9P1449B1R8PL2XME59CEVVK,AssignmentAccepted
82,2019-10-04 14:10:21.46543,,,,,,f,,{},3ATTHHXXWCCRRUMM9XN16ILWHLQIXD,AssignmentAccepted
85,2019-10-04 14:11:20.412787,,,,,,f,,{},34X6J5FLPVM3D85G51D9OB43XXSJQT,AssignmentAccepted
88,2019-10-04 14:11:43.143664,,,,,,f,,{},3SNLUL3WO6B10R0XPV9REREK47YLUX,AssignmentReturned
91,2019-10-04 14:11:59.567823,,,,,,f,,{},3EJJQNKU9TT7Y3PQUGZOHOYTGRLRHS,AssignmentSubmitted
94,2019-10-04 14:12:50.68459,,,,,,f,,{},3CP1TO84PVPEEQOAEOJERJNVZQK52G,AssignmentAccepted
97,2019-10-04 14:13:20.466401,,,,,,f,,{},34V1S5K3GUPLXE9N4G8YTC991R069K,AssignmentAccepted
100,2019-10-04 14:13:49.950659,,,,,,f,,{},3A1COHJ8NLJ1GYAUV7TOQ73OQZY8HY,AssignmentSubmitted
103,2019-10-04 14:14:48.883344,,,,,,f,,{},34BBWHLWHCZC2UHWZSRF4Z7P8JFWIT,AssignmentSubmitted
106,2019-10-04 14:15:40.151949,,,,,,f,,{},3E1QT0TDFRX1CTLE1PB9QJ43QCD8IR,AssignmentSubmitted
74,2019-10-04 14:08:15.634658,,,,,,f,,{},3IX2EGZR7D73P9KGIG29T1E8TJPRJX,AssignmentSubmitted
77,2019-10-04 14:08:52.440288,,,,,,f,,{},34PGFRQONQZ8X512HACFG0MPLY4WJ5,AssignmentReturned
80,2019-10-04 14:10:06.26996,,,,,,f,,{},3XC1O3LBOUAM0EL8PQJH9VSILTRLT6,AssignmentSubmitted
83,2019-10-04 14:10:52.127871,,,,,,f,,{},3EFVCAY5L5XX745KJ7W92KJ33R28J3,AssignmentSubmitted
86,2019-10-04 14:11:26.942564,,,,,,f,,{},3IO1LGZLKBLLJ9QDZO2KTGEYHLI68V,AssignmentReturned
89,2019-10-04 14:11:48.703683,,,,,,f,,{},3IO1LGZLKBLLJ9QDZO2KTGEYHLI68V,AssignmentAccepted
92,2019-10-04 14:12:26.226017,,,,,,f,,{},3SEPORI8WPN1Q733YRJ9M5DOCDEZAI,AssignmentReturned
95,2019-10-04 14:12:53.470095,,,,,,f,,{},3R8YZBNQ9J6ATD4E4SOCLLZU62TQ7U,AssignmentAccepted
98,2019-10-04 14:13:32.654171,,,,,,f,,{},3GD6L00D3UL5XCRKNJ0M32OCTFR1MG,AssignmentSubmitted
101,2019-10-04 14:13:59.553688,,,,,,f,,{},3SPJ033423RCMAW2WBU31X75W65JYS,AssignmentAccepted
104,2019-10-04 14:15:01.519566,,,,,,f,,{},3TK8OJTYM39R4R4VMDC3RUPNNOEVP0,AssignmentAccepted
107,2019-10-04 14:16:02.477181,,,,,,f,,{},3OVHNO1VE8PZOE6FI1ABC6LUXGBZDK,AssignmentSubmitted
75,2019-10-04 14:08:17.511538,,,,,,f,,{},39DD6S19JRZ4GKKFEWLVIO3FXSCZED,AssignmentReturned
78,2019-10-04 14:09:08.385983,,,,,,f,,{},351SEKWQS25ZP77W3CKH44PLICYDMM,AssignmentAccepted
81,2019-10-04 14:10:12.311362,,,,,,f,,{},3H8DHMCCWBZ4ZJ7TI071PRXHT71DKF,AssignmentSubmitted
84,2019-10-04 14:11:11.129983,,,,,,f,,{},37Q970SNZGW8V74P7GW8FBNIL491SS,AssignmentReturned
87,2019-10-04 14:11:42.837145,,,,,,f,,{},3SNLUL3WO6B10R0XPV9REREK47YLUX,AssignmentAccepted
90,2019-10-04 14:11:58.120784,,,,,,f,,{},3AAJC4I4FIGCR067SXWMF4G720EJZO,AssignmentAccepted
93,2019-10-04 14:12:35.76337,,,,,,f,,{},33SA9F9TRZI0MPFA391OJK9XGQ8WEK,AssignmentSubmitted
96,2019-10-04 14:12:55.139028,,,,,,f,,{},34V1S5K3GUPLXE9N4G8YTC991R069K,AssignmentReturned
99,2019-10-04 14:13:39.524173,,,,,,f,,{},3SPJ033423RCMAW2WBU31X75W65JYS,AssignmentReturned
102,2019-10-04 14:13:59.578878,,,,,,f,,{},32VNZTT0A9SDMR1VF9F5NZPPBM5R4C,AssignmentAccepted
105,2019-10-04 14:15:03.834469,,,,,,f,,{},3U4J9857OGZNP72PLARMQW4VK2NB7Y,AssignmentSubmitted
108,2019-10-04 14:16:50.917296,,,,,,f,,{},3X31TUMD7ZALRU9ZN7Z73P9NTA11LE,AssignmentAbandoned
109,2019-10-04 14:16:50.931597,,,,,,f,,{},3JJVG1YBEDL823O6XHCPSCQZTWSB5J,AssignmentAbandoned
110,2019-10-04 14:16:50.941118,,,,,,f,,{},33CID57106HH1XNEABDQRIOKRUF3L8,AssignmentAbandoned
111,2019-10-04 14:16:50.965581,,,,,,f,,{},3IJXV6UZ1Z77UY0A0YH9H0Z8G40RIL,AssignmentAbandoned
112,2019-10-04 14:16:51.033344,,,,,,f,,{},3JRJSWSMQJ93VRDMTPQMENY0IXE3EL,AssignmentAbandoned
113,2019-10-04 14:16:51.203814,,,,,,f,,{},3IXQG4FA2VMR3QQI07P64SV1FSBB9A,AssignmentAbandoned
114,2019-10-04 14:16:51.22794,,,,,,f,,{},3NGI5ARFTVTBIFOXFZSEK6I7YK21PC,AssignmentAbandoned
115,2019-10-04 14:16:53.525827,,,,,,f,,{},3VE8AYVF8OLH22JO0H5ONMRBAKL8F0,AssignmentAbandoned
116,2019-10-04 14:16:59.425997,,,,,,f,,{},3NGI5ARFTVTBIFOXFZSEK6I7YK21PC,AssignmentAccepted
117,2019-10-04 14:16:59.465212,,,,,,f,,{},3IXQG4FA2VMR3QQI07P64SV1FSBB9A,AssignmentAccepted
118,2019-10-04 14:16:59.459875,,,,,,f,,{},3JRJSWSMQJ93VRDMTPQMENY0IXE3EL,AssignmentAccepted
119,2019-10-04 14:16:59.475513,,,,,,f,,{},3X31TUMD7ZALRU9ZN7Z73P9NTA11LE,AssignmentAccepted
120,2019-10-04 14:17:03.04686,,,,,,f,,{},3VE8AYVF8OLH22JO0H5ONMRBAKL8F0,AssignmentAccepted
121,2019-10-04 14:17:05.341224,,,,,,f,,{},3IJXV6UZ1Z77UY0A0YH9H0Z8G40RIL,AssignmentAccepted
122,2019-10-04 14:17:05.376185,,,,,,f,,{},3JJVG1YBEDL823O6XHCPSCQZTWSB5J,AssignmentAccepted
123,2019-10-04 14:17:28.460658,,,,,,f,,{},33CID57106HH1XNEABDQRIOKRUF3L8,AssignmentAccepted
124,2019-10-04 14:17:36.176516,,,,,,f,,{},3ATTHHXXWCCRRUMM9XN16ILWHLQIXD,AssignmentReturned
125,2019-10-04 14:17:41.826066,,,,,,f,,{},3ATTHHXXWCCRRUMM9XN16ILWHLQIXD,AssignmentAccepted
126,2019-10-04 14:18:03.700082,,,,,,f,,{},33CID57106HH1XNEABDQRIOKRUF3L8,AssignmentReturned
127,2019-10-04 14:18:20.93478,,,,,,f,,{},33CID57106HH1XNEABDQRIOKRUF3L8,AssignmentAccepted
128,2019-10-04 14:19:03.704153,,,,,,f,,{},3IO1LGZLKBLLJ9QDZO2KTGEYHLI68V,AssignmentSubmitted
129,2019-10-04 14:19:27.508289,,,,,,f,,{},3ZDAD0O1T31H082X39M5KPN5S28TX7,AssignmentAccepted
130,2019-10-04 14:21:21.627668,,,,,,f,,{},3JJVG1YBEDL823O6XHCPSCQZTWSB5J,AssignmentReturned
131,2019-10-04 14:21:21.984374,,,,,,f,,{},3JJVG1YBEDL823O6XHCPSCQZTWSB5J,AssignmentAccepted
132,2019-10-04 14:22:11.156869,,,,,,f,,{},32Q90QCQ1U99RPLTEVILV9F2TJ1KEE,AssignmentReturned
133,2019-10-04 14:22:27.268641,,,,,,f,,{},3CP1TO84PVPEEQOAEOJERJNVZQK52G,AssignmentSubmitted
134,2019-10-04 14:22:35.205166,,,,,,f,,{},32Q90QCQ1U99RPLTEVILV9F2TJ1KEE,AssignmentAccepted
135,2019-10-04 14:22:39.131095,,,,,,f,,{},3LOTDFNYA9NSS3F6YKLU12UXSRVFWT,AssignmentAccepted
136,2019-10-04 14:23:29.343319,,,,,,f,,{},3X31TUMD7ZALRU9ZN7Z73P9NTA11LE,AssignmentSubmitted
137,2019-10-04 14:23:44.945422,,,,,,f,,{},3P4MQ7TPPZ0ARJ5FYR32VYQR3SLBBR,AssignmentAccepted
138,2019-10-04 14:24:09.512733,,,,,,f,,{},3PXX5PX6LZM5890NSD360N6LLATBAP,AssignmentReturned
139,2019-10-04 14:24:51.251188,,,,,,f,,{},3PXX5PX6LZM5890NSD360N6LLATBAP,AssignmentAccepted
140,2019-10-04 14:25:00.289149,,,,,,f,,{},3SNLUL3WO6B10R0XPV9REREK47YLUX,AssignmentSubmitted
141,2019-10-04 14:25:52.517548,,,,,,f,,{},3P4MQ7TPPZ0ARJ5FYR32VYQR3SLBBR,AssignmentReturned
142,2019-10-04 14:25:52.546555,,,,,,f,,{},3P4MQ7TPPZ0ARJ5FYR32VYQR3SLBBR,AssignmentAccepted
143,2019-10-04 14:26:13.725667,,,,,,f,,{},3H7XDTSHKEFY63B194RCJNU9T6NWG1,AssignmentAbandoned
144,2019-10-04 14:26:39.088252,,,,,,f,,{},3H7XDTSHKEFY63B194RCJNU9T6NWG1,AssignmentAccepted
145,2019-10-04 14:28:01.898831,,,,,,f,,{},3JJVG1YBEDL823O6XHCPSCQZTWSB5J,AssignmentSubmitted
146,2019-10-04 14:28:15.13987,,,,,,f,,{},3NC5L260MQAKNU647YUKK8HBPPXOFR,AssignmentAccepted
147,2019-10-04 14:28:21.414748,,,,,,f,,{},3R8YZBNQ9J6ATD4E4SOCLLZU62TQ7U,AssignmentSubmitted
148,2019-10-04 14:29:02.241022,,,,,,f,,{},3IJXV6UZ1Z77UY0A0YH9H0Z8G40RIL,AssignmentSubmitted
149,2019-10-04 14:29:31.318514,,,,,,f,,{},3NGI5ARFTVTBIFOXFZSEK6I7YK21PC,AssignmentSubmitted
150,2019-10-04 14:30:02.456291,,,,,,f,,{},34V1S5K3GUPLXE9N4G8YTC991R069K,AssignmentSubmitted
151,2019-10-04 14:30:54.400376,,,,,,f,,{},3FK0YFF9P1449B1R8PL2XME59CEVVK,AssignmentSubmitted
152,2019-10-04 14:32:30.279457,,,,,,f,,{},34X6J5FLPVM3D85G51D9OB43XXSJQT,AssignmentReturned
153,2019-10-04 14:32:40.596111,,,,,,f,,{},34X6J5FLPVM3D85G51D9OB43XXSJQT,AssignmentAccepted
154,2019-10-04 14:32:51.649199,,,,,,f,,{},33CID57106HH1XNEABDQRIOKRUF3L8,AssignmentSubmitted
155,2019-10-04 14:32:51.651643,,,,,,f,,{},3VE8AYVF8OLH22JO0H5ONMRBAKL8F0,AssignmentSubmitted
156,2019-10-04 14:33:05.676721,,,,,,f,,{},3QEMNNSB2ZNG4409Z6ISLMSVNNAD7I,AssignmentAccepted
157,2019-10-04 14:33:10.796666,,,,,,f,,{},351SEKWQS25ZP77W3CKH44PLICYDMM,AssignmentAbandoned
158,2019-10-04 14:33:15.509845,,,,,,f,,{},351SEKWQS25ZP77W3CKH44PLICYDMM,AssignmentAccepted
159,2019-10-04 14:33:30.444102,,,,,,f,,{},3SPJ033423RCMAW2WBU31X75W65JYS,AssignmentSubmitted
160,2019-10-04 14:33:40.768207,,,,,,f,,{},3TK8OJTYM39R4R4VMDC3RUPNNOEVP0,AssignmentReturned
161,2019-10-04 14:33:58.512566,,,,,,f,,{},3TK8OJTYM39R4R4VMDC3RUPNNOEVP0,AssignmentAccepted
162,2019-10-04 14:36:21.067941,,,,,,f,,{},3AAJC4I4FIGCR067SXWMF4G720EJZO,AssignmentAbandoned
163,2019-10-04 14:36:40.271439,,,,,,f,,{},3P4MQ7TPPZ0ARJ5FYR32VYQR3SLBBR,AssignmentAccepted
164,2019-10-04 14:36:40.293745,,,,,,f,,{},3P4MQ7TPPZ0ARJ5FYR32VYQR3SLBBR,AssignmentReturned
165,2019-10-04 14:36:42.758397,,,,,,f,,{},3ATTHHXXWCCRRUMM9XN16ILWHLQIXD,AssignmentReturned
166,2019-10-04 14:36:48.993118,,,,,,f,,{},3XXU1SWE8OJ4OMXDUX6HG6A2U690A5,AssignmentAccepted
167,2019-10-04 14:36:55.214311,,,,,,f,,{},3ATTHHXXWCCRRUMM9XN16ILWHLQIXD,AssignmentAccepted
168,2019-10-04 14:37:07.48147,,,,,,f,,{},32Q90QCQ1U99RPLTEVILV9F2TJ1KEE,AssignmentSubmitted
169,2019-10-04 14:38:15.65016,,,,,,f,,{},32VNZTT0A9SDMR1VF9F5NZPPBM5R4C,AssignmentAbandoned
170,2019-10-04 14:38:25.828332,,,,,,f,,{},32VNZTT0A9SDMR1VF9F5NZPPBM5R4C,AssignmentAccepted
171,2019-10-04 14:38:35.969051,,,,,,f,,{},3H7XDTSHKEFY63B194RCJNU9T6NWG1,AssignmentSubmitted
173,2019-10-04 14:41:14.006584,,,,,,f,,{},3JRJSWSMQJ93VRDMTPQMENY0IXE3EL,AssignmentAbandoned
174,2019-10-04 14:41:14.018562,,,,,,f,,{},3IXQG4FA2VMR3QQI07P64SV1FSBB9A,AssignmentAbandoned
176,2019-10-04 14:41:15.717847,,,,,,f,,{},3JRJSWSMQJ93VRDMTPQMENY0IXE3EL,AssignmentAccepted
178,2019-10-04 14:42:59.855377,,,,,,f,,{},32VNZTT0A9SDMR1VF9F5NZPPBM5R4C,AssignmentReturned
179,2019-10-04 14:43:34.207849,,,,,,f,,{},3ZDAD0O1T31H082X39M5KPN5S28TX7,AssignmentAbandoned
181,2019-10-04 14:43:46.788371,,,,,,f,,{},3ZDAD0O1T31H082X39M5KPN5S28TX7,AssignmentAccepted
182,2019-10-04 14:44:02.646254,,,,,,f,,{},3QEMNNSB2ZNG4409Z6ISLMSVNNAD7I,AssignmentSubmitted
184,2019-10-04 14:46:12.49998,,,,,,f,,{},3VA45EW49PBTXFCW0ZFZV6DHOFL1OA,AssignmentReturned
185,2019-10-04 14:46:22.412788,,,,,,f,,{},3VA45EW49PBTXFCW0ZFZV6DHOFL1OA,AssignmentAccepted
187,2019-10-04 14:47:07.361985,,,,,,f,,{},34X6J5FLPVM3D85G51D9OB43XXSJQT,AssignmentReturned
189,2019-10-04 14:48:55.725871,,,,,,f,,{},3PXX5PX6LZM5890NSD360N6LLATBAP,AssignmentAbandoned
190,2019-10-04 14:49:02.529421,,,,,,f,,{},3JRJSWSMQJ93VRDMTPQMENY0IXE3EL,AssignmentSubmitted
192,2019-10-04 14:50:30.657292,,,,,,f,,{},351SEKWQS25ZP77W3CKH44PLICYDMM,AssignmentSubmitted
193,2019-10-04 14:52:04.093705,,,,,,f,,{},3IXQG4FA2VMR3QQI07P64SV1FSBB9A,AssignmentSubmitted
195,2019-10-04 14:52:36.829665,,,,,,f,,{},3ATTHHXXWCCRRUMM9XN16ILWHLQIXD,AssignmentReturned
196,2019-10-04 14:52:36.864038,,,,,,f,,{},3ATTHHXXWCCRRUMM9XN16ILWHLQIXD,AssignmentAccepted
198,2019-10-04 14:52:55.988086,,,,,,f,,{},3FPRZHYEP0VKX2Z8OFFWERMMISZ3V9,AssignmentAccepted
199,2019-10-04 14:53:21.809667,,,,,,f,,{},3TK8OJTYM39R4R4VMDC3RUPNNOEVP0,AssignmentSubmitted
201,2019-10-04 14:54:32.214755,,,,,,f,,{},3VA45EW49PBTXFCW0ZFZV6DHOFL1OA,AssignmentSubmitted
202,2019-10-04 14:58:02.757893,,,,,,f,,{},3ATTHHXXWCCRRUMM9XN16ILWHLQIXD,AssignmentSubmitted
203,2019-10-04 15:01:11.011212,,,,,,f,,{},32VNZTT0A9SDMR1VF9F5NZPPBM5R4C,AssignmentReturned
205,2019-10-04 15:01:49.609777,,,,,,f,,{},3TVSS0C0E3O2B8X7T4QJI69YJ0DWTS,AssignmentSubmitted
206,2019-10-04 15:01:54.857114,,,,,,f,,{},3MYYFCXHJ5VMX1SHZYLTOVBI9EBG4O,AssignmentAccepted
208,2019-10-04 15:10:03.850918,,,,,,f,,{},3PXX5PX6LZM5890NSD360N6LLATBAP,AssignmentSubmitted
209,2019-10-04 15:11:11.750558,,,,,,f,,{},34X6J5FLPVM3D85G51D9OB43XXSJQT,AssignmentAbandoned
172,2019-10-04 14:40:18.552981,,,,,,f,,{},3NC5L260MQAKNU647YUKK8HBPPXOFR,AssignmentSubmitted
175,2019-10-04 14:41:15.654213,,,,,,f,,{},3IXQG4FA2VMR3QQI07P64SV1FSBB9A,AssignmentAccepted
177,2019-10-04 14:42:59.774612,,,,,,f,,{},32VNZTT0A9SDMR1VF9F5NZPPBM5R4C,AssignmentAccepted
180,2019-10-04 14:43:37.492743,,,,,,f,,{},3LOTDFNYA9NSS3F6YKLU12UXSRVFWT,AssignmentSubmitted
183,2019-10-04 14:44:09.53445,,,,,,f,,{},3VA45EW49PBTXFCW0ZFZV6DHOFL1OA,AssignmentAccepted
186,2019-10-04 14:46:59.604031,,,,,,f,,{},34X6J5FLPVM3D85G51D9OB43XXSJQT,AssignmentAccepted
188,2019-10-04 14:48:55.685018,,,,,,f,,{},3PXX5PX6LZM5890NSD360N6LLATBAP,AssignmentAccepted
191,2019-10-04 14:49:39.54626,,,,,,f,,{},3ZDAD0O1T31H082X39M5KPN5S28TX7,AssignmentSubmitted
194,2019-10-04 14:52:12.677155,,,,,,f,,{},3TVSS0C0E3O2B8X7T4QJI69YJ0DWTS,AssignmentAccepted
197,2019-10-04 14:52:41.505995,,,,,,f,,{},3XXU1SWE8OJ4OMXDUX6HG6A2U690A5,AssignmentSubmitted
200,2019-10-04 14:54:07.486137,,,,,,f,,{},3P4MQ7TPPZ0ARJ5FYR32VYQR3SLBBR,AssignmentSubmitted
204,2019-10-04 15:01:16.555807,,,,,,f,,{},32VNZTT0A9SDMR1VF9F5NZPPBM5R4C,AssignmentAccepted
207,2019-10-04 15:09:38.028671,,,,,,f,,{},32VNZTT0A9SDMR1VF9F5NZPPBM5R4C,AssignmentSubmitted
210,2019-10-04 15:11:20.96906,,,,,,f,,{},34X6J5FLPVM3D85G51D9OB43XXSJQT,AssignmentAccepted
