id,creation_time,property1,property2,property3,property4,property5,failed,time_of_death,details,type,fingerprint_hash,recruiter_id,worker_id,assignment_id,unique_id,hit_id,mode,end_time,base_pay,bonus,status
6,2019-10-04 13:53:27.058238,,,,,,f,,{},participant,5b893ba9b64f38c4e4b7e0feb63b1e7b,mturk,6,3IXQG4FA2VMR3QQI07P64SV1FSBB9A,6:3IXQG4FA2VMR3QQI07P64SV1FSBB9A,3MZ3TAMYTMB57E2GAWB7TG4KKNAIRA,live,2019-10-04 14:16:51.209998,,,abandoned
66,2019-10-04 14:52:20.756425,,,,,,f,,{},participant,6f06f7c4e163d9ade62ee27a811513db,mturk,66,3ATTHHXXWCCRRUMM9XN16ILWHLQIXD,66:3ATTHHXXWCCRRUMM9XN16ILWHLQIXD,3MZ3TAMYTMB57E2GAWB7TG4KKNAIRA,live,2019-10-04 14:52:36.852942,,,returned
1,2019-10-04 13:53:03.478013,,,,,,f,,{},participant,3e8b8337e39a9b4e2ef270af847c77ce,mturk,1,3X66WABAJY61F59DZKGAEQJCVDT3G2,1:3X66WABAJY61F59DZKGAEQJCVDT3G2,3MZ3TAMYTMB57E2GAWB7TG4KKNAIRA,live,2019-10-04 13:53:23.415078,,,returned
71,2019-10-04 15:02:22.994645,,,,,,f,,{},participant,c0fe6599f251d7169661aec1ef2e3a34,mturk,71,3MYYFCXHJ5VMX1SHZYLTOVBI9EBG4O,71:3MYYFCXHJ5VMX1SHZYLTOVBI9EBG4O,3MZ3TAMYTMB57E2GAWB7TG4KKNAIRA,live,,,,working
39,2019-10-04 14:17:45.464043,,,,,,f,,{},participant,3f5e3e4b183368062237c41eaed0ee4f,mturk,39,34V1S5K3GUPLXE9N4G8YTC991R069K,39:34V1S5K3GUPLXE9N4G8YTC991R069K,3MZ3TAMYTMB57E2GAWB7TG4KKNAIRA,live,2019-10-04 14:30:02.464796,1,5,approved
3,2019-10-04 13:53:09.892974,,,,,,f,,{},participant,94fda6ce62b5636a2831bf6a4b63d890,mturk,3,3B2X28YI3Y34L7OK20MUKI4ZPR3B6Z,3:3B2X28YI3Y34L7OK20MUKI4ZPR3B6Z,3MZ3TAMYTMB57E2GAWB7TG4KKNAIRA,live,2019-10-04 13:57:39.201984,,,returned
16,2019-10-04 13:57:38.232904,,,,,,f,,{},participant,70a442f1c52531879f4e78b6ececd0b6,mturk,16,3EFVCAY5L5XX745KJ7W92KJ33R28J3,16:3EFVCAY5L5XX745KJ7W92KJ33R28J3,3MZ3TAMYTMB57E2GAWB7TG4KKNAIRA,live,2019-10-04 13:57:50.750388,,,returned
11,2019-10-04 13:54:16.196342,,,,,,f,,{},participant,39b93bb63d4979a9f66b0ac9c2861a12,mturk,11,3SPJ033423RCMAW2WBU31X75W65JYS,11:3SPJ033423RCMAW2WBU31X75W65JYS,3MZ3TAMYTMB57E2GAWB7TG4KKNAIRA,live,2019-10-04 13:59:16.670344,,,returned
17,2019-10-04 13:58:34.531942,,,,,,f,,{},participant,792d0af52e5b5b9eb02ff05c4a4fdebe,mturk,17,3B2X28YI3Y34L7OK20MUKI4ZPR3B6Z,17:3B2X28YI3Y34L7OK20MUKI4ZPR3B6Z,3MZ3TAMYTMB57E2GAWB7TG4KKNAIRA,live,2019-10-04 14:01:08.122289,1,4.89,did_not_attend
18,2019-10-04 13:58:42.373038,,,,,,f,,{},participant,e4ae81fa25793f15127e983c43339620,mturk,18,3H7XDTSHKEFY63B194RCJNU9T6NWG1,18:3H7XDTSHKEFY63B194RCJNU9T6NWG1,3MZ3TAMYTMB57E2GAWB7TG4KKNAIRA,live,2019-10-04 14:02:08.873948,,,returned
12,2019-10-04 13:54:48.102076,,,,,,f,,{},participant,e8d0e28a72862777da3004e664e9cc81,mturk,12,3B2X28YI3Y34L7OK20MUKI4ZPR36BU,12:3B2X28YI3Y34L7OK20MUKI4ZPR36BU,3MZ3TAMYTMB57E2GAWB7TG4KKNAIRA,live,2019-10-04 14:01:25.525043,1,5,approved
4,2019-10-04 13:53:10.738606,,,,,,f,,{},participant,03ac2849a9e2be7df6613745b0590eee,mturk,4,3GA6AFUKOQCFF14OJQYSZQVDAD63H1,4:3GA6AFUKOQCFF14OJQYSZQVDAD63H1,3MZ3TAMYTMB57E2GAWB7TG4KKNAIRA,live,2019-10-04 14:03:57.679842,1,5,approved
9,2019-10-04 13:53:39.836522,,,,,,f,,{},participant,f8459bba2bc977da8c440dd756476056,mturk,9,337RC3OW07Q1D6PXULJWADG3IE7LVM,9:337RC3OW07Q1D6PXULJWADG3IE7LVM,3MZ3TAMYTMB57E2GAWB7TG4KKNAIRA,live,2019-10-04 14:02:41.249109,1,5,approved
22,2019-10-04 14:00:40.460302,,,,,,f,,{},participant,42f0118ae26bd36190b3e19402645bb7,mturk,22,3SPJ033423RCMAW2WBU31X75W65JYS,22:3SPJ033423RCMAW2WBU31X75W65JYS,3MZ3TAMYTMB57E2GAWB7TG4KKNAIRA,live,2019-10-04 14:13:39.546817,,,returned
19,2019-10-04 13:59:14.147944,,,,,,f,,{},participant,b7c078a6655711a465fd6ec080f80cbd,mturk,19,3DIP6YHAPEGPWOJS56LI546BYJ68EI,19:3DIP6YHAPEGPWOJS56LI546BYJ68EI,3MZ3TAMYTMB57E2GAWB7TG4KKNAIRA,live,2019-10-04 14:06:17.266441,1,5,approved
2,2019-10-04 13:53:07.504496,,,,,,f,,{},participant,8a509884af1a0e95d558bc0f1daf81e9,mturk,2,3ND9UOO81MQESVP2KVOSWFZHPN9LWW,2:3ND9UOO81MQESVP2KVOSWFZHPN9LWW,3MZ3TAMYTMB57E2GAWB7TG4KKNAIRA,live,2019-10-04 14:06:42.25967,1,5,approved
8,2019-10-04 13:53:33.072373,,,,,,f,,{},participant,ac19ae0d409e6c9e1d35a32943521e5a,mturk,8,31N2WW6R9TEV15DIO0ASW5J0UYT3F3,8:31N2WW6R9TEV15DIO0ASW5J0UYT3F3,3MZ3TAMYTMB57E2GAWB7TG4KKNAIRA,live,2019-10-04 14:06:42.36254,1,5,approved
10,2019-10-04 13:53:46.727338,,,,,,f,,{},participant,e524b5dbaf6c114c90f453a47cda1c91,mturk,10,3KAKFY4PGWQFBWF8P8GDZ2WSAQL3IU,10:3KAKFY4PGWQFBWF8P8GDZ2WSAQL3IU,3MZ3TAMYTMB57E2GAWB7TG4KKNAIRA,live,2019-10-04 14:07:39.19204,1,5,approved
5,2019-10-04 13:53:25.527279,,,,,,f,,{},participant,5fd5141f32fe64fcb0d74b1cbb070b79,mturk,5,37Q970SNZGW8V74P7GW8FBNIL491SS,5:37Q970SNZGW8V74P7GW8FBNIL491SS,3MZ3TAMYTMB57E2GAWB7TG4KKNAIRA,live,2019-10-04 14:11:11.143278,,,returned
25,2019-10-04 14:03:14.007413,,,,,,f,,{},participant,4cf639a79cbc16ff10da85bd8f6014b1,mturk,25,3IX2EGZR7D73P9KGIG29T1E8TJPRJX,25:3IX2EGZR7D73P9KGIG29T1E8TJPRJX,3MZ3TAMYTMB57E2GAWB7TG4KKNAIRA,live,2019-10-04 14:08:15.642549,1,5,approved
24,2019-10-04 14:02:54.310447,,,,,,f,,{},participant,25a804796bda977c67b699b1dd5f3ba7,mturk,24,3VA45EW49PBTXFCW0ZFZV6DHOF61OV,24:3VA45EW49PBTXFCW0ZFZV6DHOF61OV,3MZ3TAMYTMB57E2GAWB7TG4KKNAIRA,live,2019-10-04 14:08:31.248238,1,5,approved
29,2019-10-04 14:07:12.930923,,,,,,f,,{},participant,b2d4a8e5b6b6b01fb79072cfd30e8953,mturk,29,3H8DHMCCWBZ4ZJ7TI071PRXHT71DKF,29:3H8DHMCCWBZ4ZJ7TI071PRXHT71DKF,3MZ3TAMYTMB57E2GAWB7TG4KKNAIRA,live,2019-10-04 14:10:12.333213,1,4.89,did_not_attend
15,2019-10-04 13:57:36.361602,,,,,,f,,{},participant,1dd8aacf6a0807dfd9647e0fa8546492,mturk,15,34V1S5K3GUPLXE9N4G8YTC991R069K,15:34V1S5K3GUPLXE9N4G8YTC991R069K,3MZ3TAMYTMB57E2GAWB7TG4KKNAIRA,live,2019-10-04 14:12:55.15121,,,returned
20,2019-10-04 13:59:22.753963,,,,,,f,,{},participant,9350d946fb1c19bab8bf3cbf88cefba8,mturk,20,3EFVCAY5L5XX745KJ7W92KJ33R28J3,20:3EFVCAY5L5XX745KJ7W92KJ33R28J3,3MZ3TAMYTMB57E2GAWB7TG4KKNAIRA,live,2019-10-04 14:10:52.134403,1,4.89,did_not_attend
27,2019-10-04 14:05:39.346674,,,,,,f,,{},participant,4139c4b5c4546dc67552dd692196f6c8,mturk,27,3EJJQNKU9TT7Y3PQUGZOHOYTGRLRHS,27:3EJJQNKU9TT7Y3PQUGZOHOYTGRLRHS,3MZ3TAMYTMB57E2GAWB7TG4KKNAIRA,live,2019-10-04 14:11:59.573653,1,5,approved
28,2019-10-04 14:07:11.806575,,,,,,f,,{},participant,0571dba895089cf2571db570da09fb9a,mturk,28,3A1COHJ8NLJ1GYAUV7TOQ73OQZY8HY,28:3A1COHJ8NLJ1GYAUV7TOQ73OQZY8HY,3MZ3TAMYTMB57E2GAWB7TG4KKNAIRA,live,2019-10-04 14:13:49.956789,1,4.89,did_not_attend
21,2019-10-04 14:00:33.252238,,,,,,f,,{},participant,2ff697f3281b6abade671c4ec9af200a,mturk,21,3U4J9857OGZNP72PLARMQW4VK2NB7Y,21:3U4J9857OGZNP72PLARMQW4VK2NB7Y,3MZ3TAMYTMB57E2GAWB7TG4KKNAIRA,live,2019-10-04 14:15:03.846812,1,5,approved
7,2019-10-04 13:53:32.298121,,,,,,f,,{},participant,0004b3f5cbc9d4bcb182a34ca709c78c,mturk,7,3E1QT0TDFRX1CTLE1PB9QJ43QCD8IR,7:3E1QT0TDFRX1CTLE1PB9QJ43QCD8IR,3MZ3TAMYTMB57E2GAWB7TG4KKNAIRA,live,2019-10-04 14:15:40.170877,1,5,approved
13,2019-10-04 13:54:51.184744,,,,,,f,,{},participant,7f76b79760b937e24b95a7642f23e15f,mturk,13,3LEIZ60CDLNNLOTY6L59QA246VWZ93,13:3LEIZ60CDLNNLOTY6L59QA246VWZ93,3MZ3TAMYTMB57E2GAWB7TG4KKNAIRA,live,2019-10-04 14:07:20.220079,1,5,approved
67,2019-10-04 14:52:58.999661,,,,,,f,,{},participant,a4a344723a08abc90d1fec960209961d,mturk,67,32VNZTT0A9SDMR1VF9F5NZPPBM5R4C,67:32VNZTT0A9SDMR1VF9F5NZPPBM5R4C,3MZ3TAMYTMB57E2GAWB7TG4KKNAIRA,live,2019-10-04 15:01:11.072379,,,returned
23,2019-10-04 14:01:48.035169,,,,,,f,,{},participant,ba319f197772620c21a83710865abfa3,mturk,23,3XC1O3LBOUAM0EL8PQJH9VSILTRLT6,23:3XC1O3LBOUAM0EL8PQJH9VSILTRLT6,3MZ3TAMYTMB57E2GAWB7TG4KKNAIRA,live,2019-10-04 14:10:06.337747,1,5,approved
35,2019-10-04 14:13:23.14146,,,,,,f,,{},participant,212f663470cc4ffc0e782b6ce7b3c75f,mturk,35,3H7XDTSHKEFY63B194RCJNU9T6NWG1,35:3H7XDTSHKEFY63B194RCJNU9T6NWG1,3MZ3TAMYTMB57E2GAWB7TG4KKNAIRA,live,2019-10-04 14:26:13.795572,,,abandoned
33,2019-10-04 14:12:34.070937,,,,,,f,,{},participant,4cb0f4e5b84d19e7038b4bfcf2ba9291,mturk,33,3IO1LGZLKBLLJ9QDZO2KTGEYHLI68V,33:3IO1LGZLKBLLJ9QDZO2KTGEYHLI68V,3MZ3TAMYTMB57E2GAWB7TG4KKNAIRA,live,2019-10-04 14:19:03.710002,1,4.89,did_not_attend
30,2019-10-04 14:07:37.030273,,,,,,f,,{},participant,8d8f9930ffbf52fbb6f96af0a9685a20,mturk,30,33SA9F9TRZI0MPFA391OJK9XGQ8WEK,30:33SA9F9TRZI0MPFA391OJK9XGQ8WEK,3MZ3TAMYTMB57E2GAWB7TG4KKNAIRA,live,2019-10-04 14:12:35.782291,1,4.89,did_not_attend
14,2019-10-04 13:56:16.327867,,,,,,f,,{},participant,f18c3cd71d123c8d098c8b1f5c8de6af,mturk,14,3GD6L00D3UL5XCRKNJ0M32OCTFR1MG,14:3GD6L00D3UL5XCRKNJ0M32OCTFR1MG,3MZ3TAMYTMB57E2GAWB7TG4KKNAIRA,live,2019-10-04 14:13:32.669028,1,5,approved
38,2019-10-04 14:17:34.314471,,,,,,f,,{},participant,fe8f4aa208393dcec059b15ec32a062a,mturk,38,3JJVG1YBEDL823O6XHCPSCQZTWSB5J,38:3JJVG1YBEDL823O6XHCPSCQZTWSB5J,3MZ3TAMYTMB57E2GAWB7TG4KKNAIRA,live,2019-10-04 14:21:21.642567,,,returned
32,2019-10-04 14:08:40.561919,,,,,,f,,{},participant,886b2bd8003dd2f18eb3249a67a509b4,mturk,32,34BBWHLWHCZC2UHWZSRF4Z7P8JFWIT,32:34BBWHLWHCZC2UHWZSRF4Z7P8JFWIT,3MZ3TAMYTMB57E2GAWB7TG4KKNAIRA,live,2019-10-04 14:14:48.894094,1,4.89,did_not_attend
43,2019-10-04 14:20:28.58314,,,,,,f,,{},participant,4f0edfd8b1f31da15eb834002d6f177a,mturk,43,3X31TUMD7ZALRU9ZN7Z73P9NTA11LE,43:3X31TUMD7ZALRU9ZN7Z73P9NTA11LE,3MZ3TAMYTMB57E2GAWB7TG4KKNAIRA,live,2019-10-04 14:23:29.353207,1,4.89,did_not_attend
44,2019-10-04 14:21:19.48435,,,,,,f,,{},participant,73eba81accd30b09b1006cf83cc6751d,mturk,44,32Q90QCQ1U99RPLTEVILV9F2TJ1KEE,44:32Q90QCQ1U99RPLTEVILV9F2TJ1KEE,3MZ3TAMYTMB57E2GAWB7TG4KKNAIRA,live,2019-10-04 14:22:11.170241,,,returned
31,2019-10-04 14:07:51.655716,,,,,,f,,{},participant,0b0809c10dc9172223f644956f8fe22f,mturk,31,3OVHNO1VE8PZOE6FI1ABC6LUXGBZDK,31:3OVHNO1VE8PZOE6FI1ABC6LUXGBZDK,3MZ3TAMYTMB57E2GAWB7TG4KKNAIRA,live,2019-10-04 14:16:02.490101,1,5,approved
36,2019-10-04 14:13:32.046678,,,,,,f,,{},participant,55af70cbe8ede21b2dccd96f9f515850,mturk,36,3CP1TO84PVPEEQOAEOJERJNVZQK52G,36:3CP1TO84PVPEEQOAEOJERJNVZQK52G,3MZ3TAMYTMB57E2GAWB7TG4KKNAIRA,live,2019-10-04 14:22:27.280331,1,4.89,did_not_attend
26,2019-10-04 14:04:35.165183,,,,,,f,,{},participant,ea4bd5300db3fb402b5ed1932384c9b5,mturk,26,3PXX5PX6LZM5890NSD360N6LLATBAP,26:3PXX5PX6LZM5890NSD360N6LLATBAP,3MZ3TAMYTMB57E2GAWB7TG4KKNAIRA,live,2019-10-04 14:24:09.553664,,,returned
37,2019-10-04 14:17:28.650825,,,,,,f,,{},participant,421c028fbd15c548ef0e512a27175ef3,mturk,37,3SNLUL3WO6B10R0XPV9REREK47YLUX,37:3SNLUL3WO6B10R0XPV9REREK47YLUX,3MZ3TAMYTMB57E2GAWB7TG4KKNAIRA,live,2019-10-04 14:25:00.295085,1,5,approved
47,2019-10-04 14:23:30.28592,,,,,,f,,{},participant,f2c8e24b9d9b666146e8ec5e80d60ae5,mturk,47,3JJVG1YBEDL823O6XHCPSCQZTWSB5J,47:3JJVG1YBEDL823O6XHCPSCQZTWSB5J,3MZ3TAMYTMB57E2GAWB7TG4KKNAIRA,live,2019-10-04 14:28:01.912966,1,4.89,did_not_attend
40,2019-10-04 14:18:36.278767,,,,,,f,,{},participant,44a874f29f466137be18bc3193787d5b,mturk,40,3R8YZBNQ9J6ATD4E4SOCLLZU62TQ7U,40:3R8YZBNQ9J6ATD4E4SOCLLZU62TQ7U,3MZ3TAMYTMB57E2GAWB7TG4KKNAIRA,live,2019-10-04 14:28:21.424217,1,5,approved
41,2019-10-04 14:18:57.928219,,,,,,f,,{},participant,f40f2927a64409615d0f667298fe1ff8,mturk,41,3IJXV6UZ1Z77UY0A0YH9H0Z8G40RIL,41:3IJXV6UZ1Z77UY0A0YH9H0Z8G40RIL,3MZ3TAMYTMB57E2GAWB7TG4KKNAIRA,live,2019-10-04 14:29:02.255098,1,5,approved
42,2019-10-04 14:19:19.60429,,,,,,f,,{},participant,1aeec66dc476e8df7afe199217cdb6f5,mturk,42,3NGI5ARFTVTBIFOXFZSEK6I7YK21PC,42:3NGI5ARFTVTBIFOXFZSEK6I7YK21PC,3MZ3TAMYTMB57E2GAWB7TG4KKNAIRA,live,2019-10-04 14:29:31.325378,1,5,approved
34,2019-10-04 14:13:17.863669,,,,,,f,,{},participant,4f201db2d90b8690bbed8fc7e99ad12b,mturk,34,351SEKWQS25ZP77W3CKH44PLICYDMM,34:351SEKWQS25ZP77W3CKH44PLICYDMM,3MZ3TAMYTMB57E2GAWB7TG4KKNAIRA,live,2019-10-04 14:33:10.872916,,,abandoned
50,2019-10-04 14:26:27.619865,,,,,,f,,{},participant,346b6f10a0757c3e637016bfc4e61b30,mturk,50,3FK0YFF9P1449B1R8PL2XME59CEVVK,50:3FK0YFF9P1449B1R8PL2XME59CEVVK,3MZ3TAMYTMB57E2GAWB7TG4KKNAIRA,live,2019-10-04 14:30:54.41251,1,5,approved
52,2019-10-04 14:28:08.433796,,,,,,f,,{},participant,75ad948f48a02e416d4b7190b173215c,mturk,52,3VE8AYVF8OLH22JO0H5ONMRBAKL8F0,52:3VE8AYVF8OLH22JO0H5ONMRBAKL8F0,3MZ3TAMYTMB57E2GAWB7TG4KKNAIRA,live,2019-10-04 14:32:51.665468,1,4.89,did_not_attend
49,2019-10-04 14:24:04.451684,,,,,,f,,{},participant,f0050ef2afbe0af032c9eff4b656cbc7,mturk,49,3SPJ033423RCMAW2WBU31X75W65JYS,49:3SPJ033423RCMAW2WBU31X75W65JYS,3MZ3TAMYTMB57E2GAWB7TG4KKNAIRA,live,2019-10-04 14:33:30.453948,1,5,approved
48,2019-10-04 14:23:40.047655,,,,,,f,,{},participant,1a1ddfd0501226f10406f4f813ae3ec6,mturk,48,32Q90QCQ1U99RPLTEVILV9F2TJ1KEE,48:32Q90QCQ1U99RPLTEVILV9F2TJ1KEE,3MZ3TAMYTMB57E2GAWB7TG4KKNAIRA,live,2019-10-04 14:37:07.548891,1,5,approved
51,2019-10-04 14:27:06.520042,,,,,,f,,{},participant,30a8d9361ff68beb1b3ff5c5a7f2c803,mturk,51,3H7XDTSHKEFY63B194RCJNU9T6NWG1,51:3H7XDTSHKEFY63B194RCJNU9T6NWG1,3MZ3TAMYTMB57E2GAWB7TG4KKNAIRA,live,2019-10-04 14:38:35.976467,1,5,approved
53,2019-10-04 14:28:18.868485,,,,,,f,,{},participant,5b2628dc897b8d25708894c9288139fd,mturk,53,3NC5L260MQAKNU647YUKK8HBPPXOFR,53:3NC5L260MQAKNU647YUKK8HBPPXOFR,3MZ3TAMYTMB57E2GAWB7TG4KKNAIRA,live,2019-10-04 14:40:18.56009,1,5,approved
46,2019-10-04 14:23:15.57807,,,,,,f,,{},participant,5adb459e1d20cff18a6f20b4ceed6011,mturk,46,3LOTDFNYA9NSS3F6YKLU12UXSRVFWT,46:3LOTDFNYA9NSS3F6YKLU12UXSRVFWT,3MZ3TAMYTMB57E2GAWB7TG4KKNAIRA,live,2019-10-04 14:43:37.533456,1,5,approved
45,2019-10-04 14:21:24.21651,,,,,,f,,{},participant,d13c0fb0a93048e064c01a137aa559a3,mturk,45,33CID57106HH1XNEABDQRIOKRUF3L8,45:33CID57106HH1XNEABDQRIOKRUF3L8,3MZ3TAMYTMB57E2GAWB7TG4KKNAIRA,live,2019-10-04 14:32:51.655662,1,5,approved
57,2019-10-04 14:39:01.34429,,,,,,f,,{},participant,88de1a8230741d08d2f27b7106c5973a,mturk,57,3P4MQ7TPPZ0ARJ5FYR32VYQR3SLBBR,57:3P4MQ7TPPZ0ARJ5FYR32VYQR3SLBBR,3MZ3TAMYTMB57E2GAWB7TG4KKNAIRA,live,2019-10-04 14:54:07.496373,1,5,approved
68,2019-10-04 14:52:59.133424,,,,,,f,,{},participant,a6bec7da585f7d93f7e8e6d8af085d32,mturk,68,3TVSS0C0E3O2B8X7T4QJI69YJ0DWTS,68:3TVSS0C0E3O2B8X7T4QJI69YJ0DWTS,3MZ3TAMYTMB57E2GAWB7TG4KKNAIRA,live,2019-10-04 15:01:49.618627,1,4.89,did_not_attend
63,2019-10-04 14:46:01.419891,,,,,,f,,{},participant,cbbb147486217303c76179df7baab2a3,mturk,63,3XXU1SWE8OJ4OMXDUX6HG6A2U690A5,63:3XXU1SWE8OJ4OMXDUX6HG6A2U690A5,3MZ3TAMYTMB57E2GAWB7TG4KKNAIRA,live,2019-10-04 14:52:41.512276,1,4.89,did_not_attend
59,2019-10-04 14:39:59.33929,,,,,,f,,{},participant,3f2dd2bfe8da36fcd956c9c2ebff5b9a,mturk,59,32VNZTT0A9SDMR1VF9F5NZPPBM5R4C,59:32VNZTT0A9SDMR1VF9F5NZPPBM5R4C,3MZ3TAMYTMB57E2GAWB7TG4KKNAIRA,live,2019-10-04 14:42:59.864822,,,returned
61,2019-10-04 14:43:47.564837,,,,,,f,,{},participant,54234e93b26bbcc0804875c1dad9192b,mturk,61,3ZDAD0O1T31H082X39M5KPN5S28TX7,61:3ZDAD0O1T31H082X39M5KPN5S28TX7,3MZ3TAMYTMB57E2GAWB7TG4KKNAIRA,live,2019-10-04 14:49:39.552605,1,5,approved
55,2019-10-04 14:35:31.535351,,,,,,f,,{},participant,4ce0ddc71d81468add814a5a25582a67,mturk,55,3QEMNNSB2ZNG4409Z6ISLMSVNNAD7I,55:3QEMNNSB2ZNG4409Z6ISLMSVNNAD7I,3MZ3TAMYTMB57E2GAWB7TG4KKNAIRA,live,2019-10-04 14:44:02.664594,1,4.89,did_not_attend
64,2019-10-04 14:46:56.590634,,,,,,f,,{},participant,06b3cf168ad153e107b8656b5a546d2d,mturk,64,3VA45EW49PBTXFCW0ZFZV6DHOFL1OA,64:3VA45EW49PBTXFCW0ZFZV6DHOFL1OA,3MZ3TAMYTMB57E2GAWB7TG4KKNAIRA,live,2019-10-04 14:54:32.221875,1,5,approved
58,2019-10-04 14:39:09.685112,,,,,,f,,{},participant,56bf86db215a85a3aa6d8c968b4d61f1,mturk,58,3TK8OJTYM39R4R4VMDC3RUPNNOEVP0,58:3TK8OJTYM39R4R4VMDC3RUPNNOEVP0,3MZ3TAMYTMB57E2GAWB7TG4KKNAIRA,live,2019-10-04 14:53:21.833542,1,5,approved
62,2019-10-04 14:45:17.039582,,,,,,f,,{},participant,13a18d8345b48dcc5865170dc298c16e,mturk,62,3VA45EW49PBTXFCW0ZFZV6DHOFL1OA,62:3VA45EW49PBTXFCW0ZFZV6DHOFL1OA,3MZ3TAMYTMB57E2GAWB7TG4KKNAIRA,live,2019-10-04 14:46:12.772408,,,returned
54,2019-10-04 14:33:16.010255,,,,,,f,,{},participant,049f6e2e2fe9476b3bbcbda4705deda4,mturk,54,34X6J5FLPVM3D85G51D9OB43XXSJQT,54:34X6J5FLPVM3D85G51D9OB43XXSJQT,3MZ3TAMYTMB57E2GAWB7TG4KKNAIRA,live,2019-10-04 14:47:07.372676,,,returned
69,2019-10-04 14:53:40.198419,,,,,,f,,{},participant,b34fd8143a920475bc843877d091bfbe,mturk,69,3ATTHHXXWCCRRUMM9XN16ILWHLQIXD,69:3ATTHHXXWCCRRUMM9XN16ILWHLQIXD,3MZ3TAMYTMB57E2GAWB7TG4KKNAIRA,live,2019-10-04 14:58:02.781612,1,5,approved
60,2019-10-04 14:42:08.824164,,,,,,f,,{},participant,68b5b003bf05f8e3b5340db907e27910,mturk,60,3JRJSWSMQJ93VRDMTPQMENY0IXE3EL,60:3JRJSWSMQJ93VRDMTPQMENY0IXE3EL,3MZ3TAMYTMB57E2GAWB7TG4KKNAIRA,live,2019-10-04 14:49:02.537601,1,5,approved
56,2019-10-04 14:36:02.17351,,,,,,f,,{},participant,b598871406ecb6a63a2638d642d5554f,mturk,56,351SEKWQS25ZP77W3CKH44PLICYDMM,56:351SEKWQS25ZP77W3CKH44PLICYDMM,3MZ3TAMYTMB57E2GAWB7TG4KKNAIRA,live,2019-10-04 14:50:30.688179,1,5,approved
72,2019-10-04 15:03:07.756334,,,,,,f,,{},participant,94311c4954fc192cb2aa6a9599f0e36b,mturk,72,32VNZTT0A9SDMR1VF9F5NZPPBM5R4C,72:32VNZTT0A9SDMR1VF9F5NZPPBM5R4C,3MZ3TAMYTMB57E2GAWB7TG4KKNAIRA,live,2019-10-04 15:09:38.042015,1,5,approved
70,2019-10-04 14:56:57.863392,,,,,,f,,{},participant,2ea0b0adcf528538e438c00c06f866ce,mturk,70,3PXX5PX6LZM5890NSD360N6LLATBAP,70:3PXX5PX6LZM5890NSD360N6LLATBAP,3MZ3TAMYTMB57E2GAWB7TG4KKNAIRA,live,2019-10-04 15:10:03.858419,1,5,approved
65,2019-10-04 14:48:39.488836,,,,,,f,,{},participant,b7b05a97bfc499d1ff1c0a8bcbced65e,mturk,65,3IXQG4FA2VMR3QQI07P64SV1FSBB9A,65:3IXQG4FA2VMR3QQI07P64SV1FSBB9A,3MZ3TAMYTMB57E2GAWB7TG4KKNAIRA,live,2019-10-04 14:52:04.103154,1,4.89,did_not_attend
73,2019-10-04 15:12:09.308444,,,,,,f,,{},participant,49a8b6917b58412ff9c60b72a9d371ba,mturk,73,34X6J5FLPVM3D85G51D9OB43XXSJQT,73:34X6J5FLPVM3D85G51D9OB43XXSJQT,3MZ3TAMYTMB57E2GAWB7TG4KKNAIRA,live,,,,working
