id,creation_time,property1,property2,property3,property4,property5,failed,time_of_death,details,type,participant_id,number,question,response
1,2019-10-04 14:00:53.431659,,,,,,f,,{},question,17,1,questionnaire,"{""language"":""Yes"",""education"":""6"",""age"":""3"",""ideology"":""8"",""engagement"":""9"",""difficulty"":""7"",""technical_issues"":"""",""confusion"":""""}"
2,2019-10-04 14:01:11.910079,,,,,,f,,{},question,12,1,questionnaire,"{""language"":""Yes"",""education"":""3"",""age"":""1"",""ideology"":""9"",""engagement"":""8"",""difficulty"":""2"",""technical_issues"":""no"",""confusion"":""no""}"
3,2019-10-04 14:02:30.022027,,,,,,f,,{},question,9,1,questionnaire,"{""language"":""Yes"",""education"":""6"",""age"":""1"",""ideology"":""10"",""engagement"":""5"",""difficulty"":""4"",""technical_issues"":""N/A"",""confusion"":""N/A""}"
4,2019-10-04 14:03:48.663559,,,,,,f,,{},question,4,1,questionnaire,"{""language"":""Yes"",""education"":""6"",""age"":""2"",""ideology"":""4"",""engagement"":""4"",""difficulty"":""5"",""technical_issues"":"""",""confusion"":""""}"
5,2019-10-04 14:04:41.443308,,,,,,f,,{},question,14,1,questionnaire,"{""language"":""Yes"",""education"":""4"",""age"":""3"",""ideology"":""1"",""engagement"":""10"",""difficulty"":""5"",""technical_issues"":""none"",""confusion"":""no""}"
6,2019-10-04 14:05:52.023871,,,,,,f,,{},question,19,1,questionnaire,"{""language"":""Yes"",""education"":""6"",""age"":""0"",""ideology"":""9"",""engagement"":""8"",""difficulty"":""3"",""technical_issues"":""no"",""confusion"":""no""}"
7,2019-10-04 14:06:25.981394,,,,,,f,,{},question,8,1,questionnaire,"{""language"":""Yes"",""education"":""1"",""age"":""3"",""ideology"":""10"",""engagement"":""10"",""difficulty"":""5"",""technical_issues"":""no"",""confusion"":""no""}"
8,2019-10-04 14:06:26.750033,,,,,,f,,{},question,2,1,questionnaire,"{""language"":""Yes"",""education"":""7"",""age"":""2"",""ideology"":""6"",""engagement"":""10"",""difficulty"":""9"",""technical_issues"":"""",""confusion"":""Nothing""}"
9,2019-10-04 14:06:58.519475,,,,,,f,,{},question,13,1,questionnaire,"{""language"":""Yes"",""education"":""5"",""age"":""2"",""ideology"":""4"",""engagement"":""5"",""difficulty"":""4"",""technical_issues"":""no"",""confusion"":""no""}"
10,2019-10-04 14:07:12.289157,,,,,,f,,{},question,10,1,questionnaire,"{""language"":""Yes"",""education"":""5"",""age"":""2"",""ideology"":""2"",""engagement"":""8"",""difficulty"":""5"",""technical_issues"":""No"",""confusion"":""No, thank you.""}"
11,2019-10-04 14:08:02.555803,,,,,,f,,{},question,25,1,questionnaire,"{""language"":""Yes"",""education"":""3"",""age"":""2"",""ideology"":""5"",""engagement"":""10"",""difficulty"":""5"",""technical_issues"":"""",""confusion"":""""}"
12,2019-10-04 14:08:08.738068,,,,,,f,,{},question,24,1,questionnaire,"{""language"":""Yes"",""education"":""6"",""age"":""2"",""ideology"":""5"",""engagement"":""5"",""difficulty"":""3"",""technical_issues"":"""",""confusion"":""""}"
13,2019-10-04 14:09:43.377243,,,,,,f,,{},question,23,1,questionnaire,"{""language"":""Yes"",""education"":""3"",""age"":""2"",""ideology"":""5"",""engagement"":""8"",""difficulty"":""5"",""technical_issues"":""none"",""confusion"":""no""}"
14,2019-10-04 14:09:45.704756,,,,,,f,,{},question,29,1,questionnaire,"{""language"":""Yes"",""education"":""7"",""age"":""1"",""ideology"":""8"",""engagement"":""7"",""difficulty"":""8"",""technical_issues"":""no"",""confusion"":""nice""}"
15,2019-10-04 14:10:39.824314,,,,,,f,,{},question,20,1,questionnaire,"{""language"":""Yes"",""education"":""6"",""age"":""2"",""ideology"":""1"",""engagement"":""10"",""difficulty"":""7"",""technical_issues"":""na"",""confusion"":""na""}"
16,2019-10-04 14:11:45.069005,,,,,,f,,{},question,27,1,questionnaire,"{""language"":""Yes"",""education"":""6"",""age"":""2"",""ideology"":""9"",""engagement"":""8"",""difficulty"":""5"",""technical_issues"":""no"",""confusion"":""no""}"
17,2019-10-04 14:12:27.792557,,,,,,f,,{},question,30,1,questionnaire,"{""language"":""Yes"",""education"":""6"",""age"":""1"",""ideology"":""9"",""engagement"":""9"",""difficulty"":""4"",""technical_issues"":""no"",""confusion"":""no""}"
18,2019-10-04 14:13:33.172029,,,,,,f,,{},question,28,1,questionnaire,"{""language"":""Yes"",""education"":""5"",""age"":""1"",""ideology"":""7"",""engagement"":""8"",""difficulty"":""5"",""technical_issues"":"""",""confusion"":""""}"
19,2019-10-04 14:14:30.554801,,,,,,f,,{},question,32,1,questionnaire,"{""language"":""Yes"",""education"":""5"",""age"":""1"",""ideology"":""8"",""engagement"":""10"",""difficulty"":""5"",""technical_issues"":""no"",""confusion"":""no""}"
20,2019-10-04 14:14:53.521142,,,,,,f,,{},question,21,1,questionnaire,"{""language"":""Yes"",""education"":""6"",""age"":""1"",""ideology"":""10"",""engagement"":""10"",""difficulty"":""7"",""technical_issues"":""none"",""confusion"":""no!""}"
21,2019-10-04 14:15:17.925755,,,,,,f,,{},question,7,1,questionnaire,"{""language"":""Yes"",""education"":""3"",""age"":""1"",""ideology"":""5"",""engagement"":""5"",""difficulty"":""5"",""technical_issues"":"""",""confusion"":""""}"
22,2019-10-04 14:15:54.358344,,,,,,f,,{},question,31,1,questionnaire,"{""language"":""Yes"",""education"":""4"",""age"":""1"",""ideology"":""5"",""engagement"":""10"",""difficulty"":""5"",""technical_issues"":""No"",""confusion"":""I couldn't possible re-write the whole article...""}"
23,2019-10-04 14:18:49.637636,,,,,,f,,{},question,33,1,questionnaire,"{""language"":""Yes"",""education"":""7"",""age"":""1"",""ideology"":""5"",""engagement"":""8"",""difficulty"":""7"",""technical_issues"":""No"",""confusion"":""Nothing about""}"
24,2019-10-04 14:21:56.79696,,,,,,f,,{},question,36,1,questionnaire,"{""language"":""Yes"",""education"":""6"",""age"":""2"",""ideology"":""5"",""engagement"":""10"",""difficulty"":""10"",""technical_issues"":"""",""confusion"":""""}"
25,2019-10-04 14:22:58.773812,,,,,,f,,{},question,43,1,questionnaire,"{""language"":""Yes"",""education"":""7"",""age"":""2"",""ideology"":""10"",""engagement"":""10"",""difficulty"":""5"",""technical_issues"":""no"",""confusion"":""good""}"
26,2019-10-04 14:23:59.220105,,,,,,f,,{},question,26,1,questionnaire,"{""language"":""No"",""education"":""3"",""age"":""1"",""ideology"":""4"",""engagement"":""6"",""difficulty"":""4"",""technical_issues"":""No"",""confusion"":""No""}"
27,2019-10-04 14:24:53.550584,,,,,,f,,{},question,37,1,questionnaire,"{""language"":""Yes"",""education"":""1"",""age"":""1"",""ideology"":""4"",""engagement"":""10"",""difficulty"":""10"",""technical_issues"":""No issues"",""confusion"":""No""}"
28,2019-10-04 14:26:03.940679,,,,,,f,,{},question,35,1,questionnaire,"{""language"":""Yes"",""education"":""3"",""ideology"":""5"",""engagement"":""10"",""difficulty"":""7"",""technical_issues"":""No."",""confusion"":""No.""}"
29,2019-10-04 14:27:38.189515,,,,,,f,,{},question,47,1,questionnaire,"{""language"":""Yes"",""education"":""6"",""age"":""0"",""ideology"":""7"",""engagement"":""7"",""difficulty"":""7"",""technical_issues"":""Nothing"",""confusion"":""No.""}"
30,2019-10-04 14:28:00.596348,,,,,,f,,{},question,41,1,questionnaire,"{""language"":""Yes"",""education"":""6"",""age"":""2"",""ideology"":""5"",""engagement"":""4"",""difficulty"":""3"",""technical_issues"":""no"",""confusion"":""no""}"
31,2019-10-04 14:28:04.480755,,,,,,f,,{},question,40,1,questionnaire,"{""language"":""Yes"",""education"":""6"",""age"":""2"",""ideology"":""5"",""engagement"":""6"",""difficulty"":""1"",""technical_issues"":""No"",""confusion"":""No""}"
32,2019-10-04 14:29:22.828461,,,,,,f,,{},question,42,1,questionnaire,"{""language"":""Yes"",""education"":""7"",""age"":""1"",""ideology"":""5"",""engagement"":""10"",""difficulty"":""6"",""technical_issues"":""no"",""confusion"":""no""}"
33,2019-10-04 14:29:39.839412,,,,,,f,,{},question,39,1,questionnaire,"{""language"":""Yes"",""education"":""6"",""ideology"":""5"",""engagement"":""10"",""difficulty"":""3"",""technical_issues"":""Pop up blocker originally blocked it"",""confusion"":""No""}"
34,2019-10-04 14:30:37.774535,,,,,,f,,{},question,50,1,questionnaire,"{""language"":""Yes"",""education"":""1"",""age"":""0"",""ideology"":""8"",""engagement"":""10"",""difficulty"":""3"",""technical_issues"":""no"",""confusion"":""no""}"
35,2019-10-04 14:32:28.085849,,,,,,f,,{},question,45,1,questionnaire,"{""language"":""Yes"",""education"":""4"",""age"":""3"",""engagement"":""8"",""difficulty"":""3"",""technical_issues"":""No"",""confusion"":""No""}"
36,2019-10-04 14:32:33.496777,,,,,,f,,{},question,52,1,questionnaire,"{""language"":""Yes"",""education"":""6"",""age"":""0"",""ideology"":""10"",""engagement"":""10"",""difficulty"":""1"",""technical_issues"":"""",""confusion"":""""}"
39,2019-10-04 14:38:20.927933,,,,,,f,,{},question,51,1,questionnaire,"{""language"":""Yes"",""education"":""6"",""age"":""1"",""ideology"":""10"",""engagement"":""10"",""difficulty"":""1"",""technical_issues"":""None"",""confusion"":""No""}"
41,2019-10-04 14:43:23.764054,,,,,,f,,{},question,46,1,questionnaire,"{""language"":""Yes"",""education"":""3"",""age"":""3"",""ideology"":""2"",""engagement"":""10"",""difficulty"":""9"",""technical_issues"":""no"",""confusion"":""no""}"
48,2019-10-04 14:52:22.437839,,,,,,f,,{},question,63,1,questionnaire,"{""language"":""Yes"",""education"":""7"",""age"":""1"",""ideology"":""2"",""engagement"":""3"",""difficulty"":""3"",""technical_issues"":""6"",""confusion"":""nothing""}"
37,2019-10-04 14:33:14.118079,,,,,,f,,{},question,49,1,questionnaire,"{""language"":""Yes"",""education"":""5"",""age"":""1"",""ideology"":""8"",""engagement"":""10"",""difficulty"":""3"",""technical_issues"":""It wouldn't open in Firefox, I had to use Chrome!"",""confusion"":""""}"
38,2019-10-04 14:37:00.460001,,,,,,f,,{},question,48,1,questionnaire,"{""language"":""Yes"",""education"":""1"",""age"":""0"",""ideology"":""4"",""engagement"":""10"",""difficulty"":""3"",""technical_issues"":""No."",""confusion"":""No.""}"
40,2019-10-04 14:40:03.37469,,,,,,f,,{},question,53,1,questionnaire,"{""language"":""Yes"",""education"":""4"",""age"":""1"",""ideology"":""8"",""engagement"":""8"",""difficulty"":""5"",""technical_issues"":"""",""confusion"":""I didn't understand what you wanted me to write really.""}"
42,2019-10-04 14:43:28.904321,,,,,,f,,{},question,55,1,questionnaire,"{""language"":""Yes"",""education"":""6"",""age"":""1"",""ideology"":""10"",""engagement"":""10"",""difficulty"":""5"",""technical_issues"":""No."",""confusion"":""No.""}"
43,2019-10-04 14:44:32.584864,,,,,,f,,{},question,54,1,questionnaire,"{""language"":""Yes"",""education"":""7"",""age"":""1"",""ideology"":""2"",""engagement"":""9"",""difficulty"":""8"",""technical_issues"":""no"",""confusion"":""no""}"
44,2019-10-04 14:48:55.027979,,,,,,f,,{},question,60,1,questionnaire,"{""language"":""Yes"",""education"":""5"",""age"":""0"",""ideology"":""10"",""engagement"":""9"",""difficulty"":""9"",""technical_issues"":"""",""confusion"":""""}"
45,2019-10-04 14:49:31.06458,,,,,,f,,{},question,61,1,questionnaire,"{""language"":""Yes"",""education"":""3"",""age"":""1"",""ideology"":""10"",""engagement"":""10"",""difficulty"":""7"",""technical_issues"":""No"",""confusion"":""No""}"
46,2019-10-04 14:50:15.776032,,,,,,f,,{},question,56,1,questionnaire,"{""language"":""Yes"",""education"":""6"",""age"":""1"",""ideology"":""6"",""engagement"":""9"",""difficulty"":""5"",""technical_issues"":""no"",""confusion"":""no""}"
47,2019-10-04 14:51:53.26262,,,,,,f,,{},question,65,1,questionnaire,"{""language"":""Yes"",""education"":""6"",""age"":""2"",""ideology"":""4"",""engagement"":""10"",""difficulty"":""6"",""technical_issues"":""no"",""confusion"":""no""}"
49,2019-10-04 14:53:11.431455,,,,,,f,,{},question,58,1,questionnaire,"{""language"":""Yes"",""education"":""4"",""age"":""3"",""ideology"":""1"",""engagement"":""5"",""difficulty"":""1"",""technical_issues"":""There isn't much time."",""confusion"":""No.""}"
50,2019-10-04 14:53:54.26523,,,,,,f,,{},question,57,1,questionnaire,"{""language"":""Yes"",""education"":""4"",""age"":""1"",""ideology"":""10"",""engagement"":""8"",""difficulty"":""1"",""technical_issues"":"""",""confusion"":""""}"
52,2019-10-04 14:57:50.430331,,,,,,f,,{},question,69,1,questionnaire,"{""language"":""Yes"",""education"":""6"",""age"":""2"",""ideology"":""8"",""engagement"":""5"",""difficulty"":""5"",""technical_issues"":""no"",""confusion"":""nothing""}"
51,2019-10-04 14:54:21.334724,,,,,,f,,{},question,64,1,questionnaire,"{""language"":""Yes"",""education"":""3"",""age"":""1"",""ideology"":""8"",""engagement"":""1"",""difficulty"":""3"",""technical_issues"":""no"",""confusion"":""no""}"
53,2019-10-04 15:01:31.71269,,,,,,f,,{},question,68,1,questionnaire,"{""language"":""Yes"",""education"":""3"",""age"":""1"",""ideology"":""7"",""engagement"":""10"",""difficulty"":""5"",""technical_issues"":""No"",""confusion"":""No""}"
54,2019-10-04 15:09:23.130018,,,,,,f,,{},question,72,1,questionnaire,"{""language"":""Yes"",""education"":""6"",""age"":""2"",""ideology"":""0"",""engagement"":""9"",""difficulty"":""5"",""technical_issues"":"""",""confusion"":""""}"
55,2019-10-04 15:09:39.733052,,,,,,f,,{},question,70,1,questionnaire,"{""language"":""Yes"",""education"":""6"",""ideology"":""4"",""engagement"":""10"",""difficulty"":""3"",""technical_issues"":""No problems"",""confusion"":""Nothing was confusing at all.""}"
